id,policy_number,policy_start_date,policy_end_date,policy_type,insurance_company,fecha_cargue
1,1,2023-06-05,03/13/2023,Home,Jazzy,2024-12-16
2,2,2023-11-09,01/24/2023,Life,Brainlounge,2024-12-16
3,3,2023-07-21,05/05/2023,Life,Realfire,2024-12-16
4,4,2023-08-08,07/18/2023,Life,Babblestorm,2024-12-16
5,5,2023-12-24,03/07/2023,Home,Tagtune,2024-12-16
6,6,2023-08-14,04/15/2023,Health,Dabshots,2024-12-16
7,7,2023-04-08,08/10/2023,Health,Realpoint,2024-12-16
8,8,2023-01-02,11/20/2023,Health,Tanoodle,2024-12-16
9,9,2023-05-11,07/14/2023,Auto,Edgeblab,2024-12-16
10,10,2023-04-16,08/10/2023,Health,Livepath,2024-12-16
11,11,2023-09-28,04/08/2023,Home,Tanoodle,2024-12-16
12,12,2023-03-08,06/25/2023,Life,Agivu,2024-12-16
13,13,2023-11-10,08/14/2023,Life,Yozio,2024-12-16
14,14,2023-11-27,11/08/2023,Home,Devpulse,2024-12-16
15,15,2023-04-16,08/24/2023,Health,Skimia,2024-12-16
16,16,2023-09-06,12/22/2023,Home,Devpulse,2024-12-16
17,17,2023-03-04,01/14/2023,Auto,Fliptune,2024-12-16
18,18,2023-05-28,04/18/2023,Auto,Realbuzz,2024-12-16
19,19,2023-11-28,04/19/2023,Life,Talane,2024-12-16
20,20,2023-10-15,03/07/2023,Life,Kare,2024-12-16
21,21,2023-08-12,07/09/2023,Life,Youtags,2024-12-16
22,22,2023-01-27,02/01/2023,Home,Jabbersphere,2024-12-16
23,23,2023-10-06,01/08/2024,Auto,Fivechat,2024-12-16
24,24,2023-05-07,09/23/2023,Life,Thoughtstorm,2024-12-16
25,25,2023-01-07,01/15/2024,Health,Kwideo,2024-12-16
26,26,2023-11-23,11/08/2023,Home,Edgeify,2024-12-16
,27,2023-02-19,06/06/2023,Life,Eimbee,2024-12-16
28,28,2023-07-12,01/06/2024,Auto,Ooba,2024-12-16
29,29,2023-05-02,05/19/2023,Auto,Quaxo,2024-12-16
30,30,2023-05-07,01/19/2024,Auto,Realpoint,2024-12-16
31,31,2023-09-28,05/18/2023,Health,Skyba,2024-12-16
32,32,2023-01-26,09/26/2023,Home,Thoughtbridge,2024-12-16
33,33,2023-08-18,05/24/2023,Health,Feedspan,2024-12-16
34,34,2023-10-01,12/29/2023,Home,Twinder,2024-12-16
35,35,2023-09-01,06/13/2023,Life,Zoombox,2024-12-16
36,36,2023-04-04,07/24/2023,Auto,Snaptags,2024-12-16
37,37,2023-10-12,05/06/2023,Home,Yozio,2024-12-16
38,38,2023-11-30,08/10/2023,Auto,Eimbee,2024-12-16
39,39,2023-01-24,03/17/2023,Auto,Linklinks,2024-12-16
,40,2023-12-21,12/06/2023,Life,Linkbridge,2024-12-16
41,41,2023-07-21,01/14/2023,Life,Youfeed,2024-12-16
42,42,2023-12-18,01/14/2023,Health,Buzzster,2024-12-16
43,43,2023-01-11,01/10/2024,Health,Vinder,2024-12-16
44,44,2023-09-25,10/13/2023,Life,Livefish,2024-12-16
45,45,2023-01-31,12/10/2023,Life,Mynte,2024-12-16
46,46,2023-03-06,05/01/2023,Auto,Skiba,2024-12-16
47,47,2023-04-24,01/23/2024,Health,Edgeblab,2024-12-16
,48,2023-02-18,03/17/2023,Health,Blogtag,2024-12-16
49,49,2023-11-09,04/05/2023,Home,Dynazzy,2024-12-16
50,50,2023-01-17,06/26/2023,Life,Fanoodle,2024-12-16
51,51,2023-09-17,02/15/2023,Auto,Youopia,2024-12-16
52,52,2023-02-17,06/01/2023,Auto,Yozio,2024-12-16
53,53,2023-08-22,02/13/2023,Auto,Devify,2024-12-16
54,54,2023-05-01,01/18/2023,Life,Tagfeed,2024-12-16
55,55,2023-11-10,05/03/2023,Health,Lazzy,2024-12-16
56,56,2023-10-04,04/24/2023,Life,Brainbox,2024-12-16
57,57,2023-01-19,07/13/2023,Health,Youopia,2024-12-16
58,58,2023-10-16,06/19/2023,Life,Jaxworks,2024-12-16
59,59,2023-07-11,11/11/2023,Life,Avavee,2024-12-16
60,60,2023-12-25,10/01/2023,Health,Yotz,2024-12-16
61,61,2023-04-10,05/11/2023,Life,Lazz,2024-12-16
62,62,2023-08-24,09/03/2023,Health,Edgewire,2024-12-16
63,63,2023-04-27,08/15/2023,Home,Topdrive,2024-12-16
64,64,2023-12-30,12/29/2023,Life,Skilith,2024-12-16
65,65,2023-09-27,06/02/2023,Health,Gabtune,2024-12-16
66,66,2023-09-12,07/17/2023,Health,Yamia,2024-12-16
67,67,2023-04-26,03/05/2023,Life,Buzzshare,2024-12-16
68,68,2023-05-07,09/15/2023,Auto,Feedspan,2024-12-16
69,69,2023-07-25,09/28/2023,Life,Omba,2024-12-16
70,70,2023-01-20,10/05/2023,Home,Browsedrive,2024-12-16
71,71,2023-04-30,10/09/2023,Home,Podcat,2024-12-16
72,72,2023-11-19,12/01/2023,Home,Linkbuzz,2024-12-16
73,73,2023-08-31,11/07/2023,Home,Browsetype,2024-12-16
74,74,2023-11-23,06/14/2023,Life,Brainsphere,2024-12-16
75,75,2023-02-03,01/03/2024,Health,Jaxnation,2024-12-16
76,76,2024-01-01,02/07/2023,Auto,Camimbo,2024-12-16
77,77,2023-05-28,02/09/2023,Auto,Shufflebeat,2024-12-16
78,78,2023-12-05,02/27/2023,Life,Skalith,2024-12-16
79,79,2023-02-24,09/04/2023,Auto,Zoombox,2024-12-16
80,80,2023-01-25,02/19/2023,Home,Gigabox,2024-12-16
81,81,2023-02-21,10/24/2023,Home,Trilia,2024-12-16
82,82,2023-02-14,09/21/2023,Health,Edgeclub,2024-12-16
83,83,2023-12-03,04/07/2023,Home,Babbleset,2024-12-16
84,84,2023-02-03,11/04/2023,Health,Yombu,2024-12-16
85,85,2023-11-08,09/25/2023,Life,Skippad,2024-12-16
86,86,2023-04-24,03/03/2023,Life,Leexo,2024-12-16
87,87,2023-11-19,05/09/2023,Life,Jaxnation,2024-12-16
,88,2023-12-31,06/25/2023,Life,Yakidoo,2024-12-16
89,89,2024-01-21,03/21/2023,Health,Jatri,2024-12-16
90,90,2023-10-18,11/14/2023,Home,Babbleblab,2024-12-16
91,91,2023-11-09,01/21/2023,Home,Kanoodle,2024-12-16
92,92,2023-09-04,08/16/2023,Health,Jaloo,2024-12-16
93,93,2023-11-14,07/16/2023,Health,Katz,2024-12-16
94,94,2023-12-31,06/18/2023,Health,Oloo,2024-12-16
95,95,2023-09-22,05/09/2023,Auto,Fivebridge,2024-12-16
96,96,2023-06-27,12/11/2023,Home,Jabbercube,2024-12-16
97,97,2023-04-26,05/18/2023,Life,Skivee,2024-12-16
98,98,2023-12-03,07/18/2023,Home,Skimia,2024-12-16
99,99,2023-05-09,12/08/2023,Life,InnoZ,2024-12-16
100,100,2023-08-01,01/23/2024,Health,Yotz,2024-12-16
101,101,2023-06-11,10/23/2023,Health,Voolia,2024-12-16
102,102,2023-10-24,11/15/2023,Auto,Jaxnation,2024-12-16
103,103,2023-08-27,12/10/2023,Auto,Camido,2024-12-16
104,104,2023-01-03,05/07/2023,Home,Twimbo,2024-12-16
105,105,2023-04-12,01/05/2024,Auto,Browseblab,2024-12-16
106,106,2023-04-16,01/03/2023,Home,Centizu,2024-12-16
107,107,2023-11-17,04/24/2023,Life,Avamba,2024-12-16
108,108,2023-05-10,01/16/2024,Home,Livetube,2024-12-16
109,109,2023-06-28,05/31/2023,Life,Skivee,2024-12-16
110,110,2023-05-12,02/07/2023,Home,Demimbu,2024-12-16
111,111,2023-05-23,02/06/2023,Health,Jetpulse,2024-12-16
112,112,2023-08-24,06/05/2023,Life,Trudeo,2024-12-16
113,113,2024-01-20,02/11/2023,Auto,Flipopia,2024-12-16
114,114,2023-01-17,02/18/2023,Health,Jabbertype,2024-12-16
115,115,2023-05-21,02/09/2023,Auto,Cogilith,2024-12-16
116,116,2024-01-11,10/31/2023,Health,Wordtune,2024-12-16
117,117,2023-05-18,07/30/2023,Health,Skimia,2024-12-16
118,118,2023-11-16,07/01/2023,Life,Thoughtstorm,2024-12-16
119,119,2023-02-06,04/18/2023,Home,Quatz,2024-12-16
,120,2023-06-12,01/14/2023,Health,Realbridge,2024-12-16
121,121,2023-07-08,11/27/2023,Life,Photobean,2024-12-16
122,122,2023-12-24,05/26/2023,Health,Katz,2024-12-16
123,123,2023-06-10,07/23/2023,Auto,Tagpad,2024-12-16
124,124,2023-10-18,02/18/2023,Home,Fatz,2024-12-16
125,125,2024-01-27,04/10/2023,Life,Ailane,2024-12-16
126,126,2023-06-30,06/08/2023,Home,Teklist,2024-12-16
127,127,2023-07-26,11/29/2023,Life,Tavu,2024-12-16
,128,2023-02-20,01/26/2024,Life,Realmix,2024-12-16
129,129,2023-04-28,03/12/2023,Health,Youspan,2024-12-16
130,130,2023-10-08,08/15/2023,Home,Topiczoom,2024-12-16
131,131,2023-08-23,04/04/2023,Life,Wikizz,2024-12-16
132,132,2023-09-10,05/10/2023,Home,Innotype,2024-12-16
,133,2023-03-21,02/10/2023,Life,Browsedrive,2024-12-16
134,134,2023-05-10,08/13/2023,Home,Topicshots,2024-12-16
,135,2023-09-11,12/24/2023,Health,Eamia,2024-12-16
136,136,2023-07-03,07/30/2023,Home,Realblab,2024-12-16
137,137,2023-04-21,12/08/2023,Home,Jetwire,2024-12-16
138,138,2024-01-04,12/01/2023,Life,Jetpulse,2024-12-16
139,139,2023-10-22,03/11/2023,Auto,Mudo,2024-12-16
140,140,2023-08-23,05/16/2023,Health,Kwimbee,2024-12-16
141,141,2023-11-20,11/29/2023,Health,Gabspot,2024-12-16
142,142,2023-03-30,09/15/2023,Life,Flipopia,2024-12-16
143,143,2023-05-04,08/19/2023,Life,Jayo,2024-12-16
144,144,2024-01-13,02/15/2023,Home,Zoovu,2024-12-16
145,145,2023-12-31,11/22/2023,Auto,Gabvine,2024-12-16
146,146,2023-06-29,12/19/2023,Health,Yakijo,2024-12-16
147,147,2023-11-21,10/24/2023,Auto,Plajo,2024-12-16
148,148,2023-06-07,08/20/2023,Home,Gigaclub,2024-12-16
149,149,2023-12-16,03/25/2023,Health,Rhynyx,2024-12-16
150,150,2023-01-15,07/11/2023,Health,Yambee,2024-12-16
151,151,2023-09-21,01/08/2023,Auto,Aimbu,2024-12-16
152,152,2023-03-20,07/11/2023,Health,Eabox,2024-12-16
153,153,2023-09-07,07/15/2023,Life,Zazio,2024-12-16
154,154,2023-08-14,07/21/2023,Life,Quinu,2024-12-16
155,155,2023-10-22,09/07/2023,Life,Buzzshare,2024-12-16
156,156,2023-03-01,01/25/2023,Auto,Gigaclub,2024-12-16
157,157,2023-03-25,04/15/2023,Life,Izio,2024-12-16
158,158,2024-01-09,11/06/2023,Life,Rooxo,2024-12-16
159,159,2023-12-27,01/18/2023,Health,Trudeo,2024-12-16
160,160,2023-04-11,09/22/2023,Life,Kwimbee,2024-12-16
161,161,2023-04-28,03/29/2023,Health,Leexo,2024-12-16
162,162,2023-12-16,06/06/2023,Life,Yamia,2024-12-16
163,163,2023-07-03,09/11/2023,Home,Devcast,2024-12-16
164,164,2023-06-12,05/27/2023,Auto,Twimm,2024-12-16
165,165,2023-05-03,09/26/2023,Home,Plambee,2024-12-16
166,166,2023-11-14,09/13/2023,Life,Skipstorm,2024-12-16
167,167,2023-05-17,07/17/2023,Health,Aimbo,2024-12-16
168,168,2023-06-14,01/12/2023,Health,Vinte,2024-12-16
169,169,2023-07-30,03/27/2023,Health,Oloo,2024-12-16
170,170,2023-03-04,11/03/2023,Home,Tagcat,2024-12-16
171,171,2023-10-31,08/05/2023,Home,Katz,2024-12-16
172,172,2023-07-01,09/20/2023,Life,Demimbu,2024-12-16
173,173,2023-08-19,11/10/2023,Auto,Jaxbean,2024-12-16
174,174,2023-10-29,05/11/2023,Life,Skyble,2024-12-16
175,175,2023-04-03,04/07/2023,Life,Youfeed,2024-12-16
176,176,2023-01-07,12/04/2023,Auto,Gabcube,2024-12-16
177,177,2023-02-16,05/02/2023,Home,Twitternation,2024-12-16
178,178,2023-12-02,01/14/2024,Health,Shufflebeat,2024-12-16
179,179,2024-01-01,10/18/2023,Auto,BlogXS,2024-12-16
180,180,2023-09-26,01/21/2024,Health,Ainyx,2024-12-16
181,181,2024-01-05,04/02/2023,Health,Blogpad,2024-12-16
182,182,2023-01-20,02/04/2023,Auto,Livefish,2024-12-16
183,183,2023-08-05,04/01/2023,Auto,Eayo,2024-12-16
184,184,2023-08-08,09/16/2023,Life,Quimba,2024-12-16
185,185,2023-12-09,03/25/2023,Auto,Jabbersphere,2024-12-16
186,186,2023-10-31,10/20/2023,Auto,Tagcat,2024-12-16
,187,2023-08-11,08/23/2023,Auto,Voomm,2024-12-16
188,188,2023-03-02,12/16/2023,Auto,Oba,2024-12-16
189,189,2023-11-11,12/31/2023,Health,Janyx,2024-12-16
190,190,2023-02-25,04/20/2023,Home,Trupe,2024-12-16
191,191,2023-04-18,02/08/2023,Health,Skinder,2024-12-16
192,192,2023-12-07,10/26/2023,Home,Bubbletube,2024-12-16
193,193,2023-04-06,10/22/2023,Auto,Kwideo,2024-12-16
194,194,2023-10-26,10/13/2023,Life,Zoomdog,2024-12-16
195,195,2023-11-01,08/15/2023,Home,Divavu,2024-12-16
196,196,2023-06-11,03/28/2023,Health,Bubblebox,2024-12-16
197,197,2023-05-09,01/13/2023,Health,Katz,2024-12-16
198,198,2023-11-02,09/03/2023,Auto,Dynabox,2024-12-16
199,199,2023-08-11,01/26/2024,Health,Meezzy,2024-12-16
200,200,2024-01-06,05/02/2023,Home,Mynte,2024-12-16
201,201,2023-12-09,11/06/2023,Health,Izio,2024-12-16
202,202,2023-07-08,07/17/2023,Life,Oyoba,2024-12-16
203,203,2023-01-19,09/02/2023,Auto,Jabbersphere,2024-12-16
204,204,2023-11-28,11/28/2023,Health,Avavee,2024-12-16
205,205,2023-07-21,11/30/2023,Life,Blogtags,2024-12-16
206,206,2023-04-05,03/11/2023,Home,Mymm,2024-12-16
207,207,2023-03-03,01/09/2023,Health,Yakitri,2024-12-16
208,208,2023-11-16,09/15/2023,Life,InnoZ,2024-12-16
209,209,2023-04-25,09/19/2023,Home,Skyndu,2024-12-16
210,210,2023-05-08,04/15/2023,Health,Yadel,2024-12-16
211,211,2023-12-06,08/02/2023,Auto,Rhyzio,2024-12-16
212,212,2023-09-04,09/29/2023,Life,Omba,2024-12-16
213,213,2023-08-09,01/15/2023,Health,Wordpedia,2024-12-16
214,214,2024-01-18,03/17/2023,Home,Ainyx,2024-12-16
215,215,2023-12-11,02/01/2023,Life,Innojam,2024-12-16
216,216,2023-07-22,02/15/2023,Life,Geba,2024-12-16
217,217,2023-07-17,02/03/2023,Home,Rooxo,2024-12-16
218,218,2023-05-15,10/21/2023,Health,Wikizz,2024-12-16
219,219,2023-07-12,02/23/2023,Auto,Jetpulse,2024-12-16
220,220,2023-05-17,02/11/2023,Life,Divavu,2024-12-16
221,221,2023-08-22,10/20/2023,Health,Meedoo,2024-12-16
222,222,2023-08-04,10/16/2023,Home,Twitterworks,2024-12-16
223,223,2023-08-29,11/24/2023,Health,Yodoo,2024-12-16
224,224,2023-03-06,01/20/2024,Home,Devpulse,2024-12-16
225,225,2023-12-26,02/12/2023,Life,Mudo,2024-12-16
226,226,2023-01-14,12/20/2023,Health,Yamia,2024-12-16
227,227,2023-01-06,11/12/2023,Home,Wikibox,2024-12-16
228,228,2023-06-15,08/05/2023,Home,Centimia,2024-12-16
229,229,2023-06-02,01/14/2023,Auto,Gabspot,2024-12-16
230,230,2024-01-13,04/03/2023,Health,Devify,2024-12-16
231,231,2023-03-07,08/21/2023,Health,Yozio,2024-12-16
,232,2023-07-01,03/22/2023,Auto,Reallinks,2024-12-16
233,233,2023-01-14,04/06/2023,Auto,Voomm,2024-12-16
234,234,2023-02-03,10/23/2023,Home,Yotz,2024-12-16
235,235,2023-03-29,04/22/2023,Health,Eire,2024-12-16
236,236,2023-04-18,03/22/2023,Health,Skipfire,2024-12-16
237,237,2023-06-28,08/18/2023,Home,Wikibox,2024-12-16
238,238,2023-06-20,03/21/2023,Auto,Tagfeed,2024-12-16
239,239,2023-10-25,05/25/2023,Life,Centidel,2024-12-16
240,240,2023-09-28,11/06/2023,Home,Mymm,2024-12-16
241,241,2023-08-11,10/20/2023,Health,Shufflebeat,2024-12-16
242,242,2023-12-30,01/25/2023,Home,Blogtag,2024-12-16
243,243,2023-07-13,04/11/2023,Home,Quamba,2024-12-16
,244,2023-08-01,09/28/2023,Home,Zoombox,2024-12-16
245,245,2023-04-11,06/04/2023,Auto,Buzzbean,2024-12-16
246,246,2023-12-22,03/22/2023,Life,Tanoodle,2024-12-16
247,247,2023-06-26,09/29/2023,Home,Avaveo,2024-12-16
248,248,2023-07-29,09/16/2023,Life,Gabvine,2024-12-16
249,249,2023-10-31,01/03/2024,Health,Eare,2024-12-16
250,250,2023-12-05,03/08/2023,Auto,Eidel,2024-12-16
251,251,2023-01-11,02/18/2023,Home,Edgetag,2024-12-16
252,252,2023-03-19,03/07/2023,Home,Voomm,2024-12-16
253,253,2023-09-02,08/13/2023,Auto,Voonte,2024-12-16
254,254,2023-10-19,05/17/2023,Home,Voonder,2024-12-16
255,255,2023-02-13,07/16/2023,Auto,Ooba,2024-12-16
256,256,2023-10-28,05/29/2023,Health,Jatri,2024-12-16
257,257,2023-01-20,03/21/2023,Life,Mycat,2024-12-16
258,258,2023-08-07,10/24/2023,Health,Meevee,2024-12-16
259,259,2023-12-17,04/19/2023,Health,Fliptune,2024-12-16
260,260,2023-10-13,05/15/2023,Life,Riffpedia,2024-12-16
261,261,2023-04-06,06/30/2023,Life,Oyonder,2024-12-16
262,262,2023-03-11,02/19/2023,Home,Oba,2024-12-16
263,263,2023-05-28,05/18/2023,Home,Skinix,2024-12-16
264,264,2023-01-08,01/16/2023,Auto,Aibox,2024-12-16
265,265,2023-03-22,01/21/2024,Home,Dablist,2024-12-16
266,266,2023-06-30,01/25/2024,Auto,Topdrive,2024-12-16
267,267,2023-05-15,09/10/2023,Health,Zava,2024-12-16
268,268,2023-12-17,03/26/2023,Home,Flipbug,2024-12-16
269,269,2024-01-23,09/11/2023,Auto,Vimbo,2024-12-16
270,270,2023-12-14,06/20/2023,Life,Npath,2024-12-16
,271,2023-12-30,02/27/2023,Health,Skajo,2024-12-16
272,272,2023-12-25,03/06/2023,Home,Riffpath,2024-12-16
273,273,2023-02-20,06/11/2023,Health,Wordify,2024-12-16
274,274,2023-02-04,12/23/2023,Auto,Feednation,2024-12-16
275,275,2023-10-04,10/25/2023,Auto,Leenti,2024-12-16
276,276,2023-02-25,07/26/2023,Auto,Tanoodle,2024-12-16
277,277,2023-05-23,03/05/2023,Health,Mymm,2024-12-16
278,278,2023-09-01,09/08/2023,Home,Skalith,2024-12-16
279,279,2023-09-21,09/23/2023,Health,Oyoloo,2024-12-16
280,280,2023-12-25,04/25/2023,Health,Photojam,2024-12-16
281,281,2023-09-18,01/10/2023,Home,Vidoo,2024-12-16
282,282,2023-01-07,01/31/2023,Health,Bubblemix,2024-12-16
283,283,2023-04-10,08/02/2023,Health,Devify,2024-12-16
284,284,2023-03-09,05/06/2023,Home,Voonix,2024-12-16
285,285,2023-06-27,05/26/2023,Home,Voolith,2024-12-16
286,286,2023-01-08,05/31/2023,Home,Tagopia,2024-12-16
287,287,2023-01-15,01/25/2024,Auto,Kaymbo,2024-12-16
288,288,2023-08-18,05/27/2023,Home,Zoonoodle,2024-12-16
289,289,2023-09-28,04/18/2023,Home,Oyoloo,2024-12-16
290,290,2023-06-22,10/17/2023,Home,Kanoodle,2024-12-16
291,291,2023-12-20,08/11/2023,Auto,Layo,2024-12-16
292,292,2023-08-30,11/01/2023,Life,Agimba,2024-12-16
293,293,2023-06-19,01/11/2024,Home,Linkbuzz,2024-12-16
294,294,2023-04-26,08/16/2023,Auto,Thoughtstorm,2024-12-16
295,295,2024-01-09,11/08/2023,Life,Mynte,2024-12-16
296,296,2023-03-08,03/09/2023,Health,Photolist,2024-12-16
297,297,2023-03-27,09/19/2023,Life,Trilia,2024-12-16
298,298,2023-10-13,08/29/2023,Life,Kare,2024-12-16
299,299,2023-10-20,11/28/2023,Auto,Skinix,2024-12-16
300,300,2023-06-29,06/02/2023,Life,Demivee,2024-12-16
301,301,2023-06-30,11/25/2023,Life,Zoomdog,2024-12-16
302,302,2023-01-28,11/25/2023,Health,Avavee,2024-12-16
303,303,2023-08-02,03/23/2023,Home,Yambee,2024-12-16
304,304,2023-01-29,03/20/2023,Home,Aibox,2024-12-16
305,305,2023-08-16,11/01/2023,Auto,Yakijo,2024-12-16
306,306,2023-03-31,04/19/2023,Life,Quinu,2024-12-16
,307,2023-07-14,04/22/2023,Auto,Gevee,2024-12-16
308,308,2023-10-04,05/03/2023,Health,Skyba,2024-12-16
309,309,2023-12-27,03/24/2023,Health,Rhyzio,2024-12-16
310,310,2023-04-26,05/24/2023,Health,Tanoodle,2024-12-16
311,311,2024-01-29,07/17/2023,Health,Topicshots,2024-12-16
312,312,2023-03-06,06/08/2023,Auto,Skinte,2024-12-16
313,313,2023-09-30,01/01/2023,Home,Izio,2024-12-16
314,314,2023-05-21,02/19/2023,Home,Blogpad,2024-12-16
315,315,2024-01-05,03/16/2023,Health,Buzzster,2024-12-16
316,316,2023-01-25,04/11/2023,Auto,Vinte,2024-12-16
317,317,2023-10-12,06/14/2023,Home,Thoughtstorm,2024-12-16
318,318,2023-11-25,07/11/2023,Health,Flashspan,2024-12-16
319,319,2023-08-13,01/02/2023,Health,Yabox,2024-12-16
320,320,2023-12-27,08/27/2023,Life,Eimbee,2024-12-16
321,321,2023-02-21,09/13/2023,Health,Quatz,2024-12-16
322,322,2023-06-21,07/24/2023,Health,Feedfire,2024-12-16
323,323,2023-04-02,04/11/2023,Home,Oyope,2024-12-16
324,324,2023-10-05,05/30/2023,Health,Avaveo,2024-12-16
325,325,2023-06-12,01/10/2024,Auto,Ainyx,2024-12-16
326,326,2023-11-06,11/17/2023,Home,Flipbug,2024-12-16
327,327,2023-01-01,05/12/2023,Health,Tagchat,2024-12-16
328,328,2023-10-23,05/22/2023,Auto,Talane,2024-12-16
329,329,2023-04-20,12/25/2023,Home,Jabberbean,2024-12-16
330,330,2023-03-29,07/26/2023,Health,Teklist,2024-12-16
331,331,2023-04-10,01/25/2023,Life,Skiptube,2024-12-16
332,332,2023-04-08,10/31/2023,Health,Eamia,2024-12-16
333,333,2023-02-04,08/06/2023,Health,Quire,2024-12-16
334,334,2024-01-19,12/23/2023,Home,Skiba,2024-12-16
335,335,2023-06-14,12/24/2023,Auto,Zoombeat,2024-12-16
336,336,2023-11-08,02/06/2023,Home,Mydeo,2024-12-16
337,337,2023-07-29,09/15/2023,Health,Izio,2024-12-16
338,338,2023-09-30,03/16/2023,Health,Skilith,2024-12-16
339,339,2023-09-14,01/10/2023,Health,Kwideo,2024-12-16
340,340,2023-09-17,01/03/2023,Life,Tazzy,2024-12-16
341,341,2023-03-31,01/31/2023,Home,Rhynoodle,2024-12-16
342,342,2023-05-04,10/03/2023,Home,Photolist,2024-12-16
343,343,2023-01-28,05/13/2023,Life,Brainbox,2024-12-16
344,344,2023-05-02,08/06/2023,Health,Eidel,2024-12-16
345,345,2023-08-30,10/11/2023,Auto,Reallinks,2024-12-16
346,346,2023-01-20,05/15/2023,Health,Jayo,2024-12-16
347,347,2023-08-11,11/24/2023,Home,Rhyzio,2024-12-16
,348,2023-11-18,08/21/2023,Home,Eayo,2024-12-16
349,349,2023-05-18,11/25/2023,Life,Vinte,2024-12-16
350,350,2023-07-29,01/10/2023,Home,Jatri,2024-12-16
351,351,2023-05-08,08/08/2023,Health,Agivu,2024-12-16
352,352,2023-12-26,02/24/2023,Health,Fadeo,2024-12-16
353,353,2023-05-28,10/22/2023,Health,Camimbo,2024-12-16
354,354,2023-02-06,06/19/2023,Life,Voomm,2024-12-16
,355,2023-12-25,08/11/2023,Health,Plajo,2024-12-16
,356,2023-03-29,06/04/2023,Health,Thoughtbeat,2024-12-16
357,357,2023-08-12,12/30/2023,Home,Youspan,2024-12-16
358,358,2023-11-30,04/30/2023,Auto,Skipstorm,2024-12-16
,359,2023-08-14,06/02/2023,Health,Voonte,2024-12-16
360,360,2023-07-26,09/29/2023,Home,Jetwire,2024-12-16
361,361,2023-11-26,11/13/2023,Life,Lazzy,2024-12-16
362,362,2023-05-09,08/18/2023,Life,Mydo,2024-12-16
363,363,2024-01-26,10/30/2023,Life,Eare,2024-12-16
364,364,2023-01-14,02/03/2023,Auto,Gigashots,2024-12-16
365,365,2023-10-12,01/30/2024,Life,Mudo,2024-12-16
366,366,2023-06-24,05/09/2023,Auto,Vinder,2024-12-16
367,367,2023-06-07,06/24/2023,Home,Voonix,2024-12-16
368,368,2023-05-12,03/13/2023,Home,Browsebug,2024-12-16
369,369,2023-10-18,11/13/2023,Health,Quimba,2024-12-16
370,370,2023-11-13,04/07/2023,Health,Trupe,2024-12-16
371,371,2023-11-29,10/03/2023,Life,Zoomzone,2024-12-16
372,372,2023-06-12,11/14/2023,Auto,Rhyzio,2024-12-16
373,373,2023-02-21,01/07/2024,Health,Skidoo,2024-12-16
374,374,2023-06-28,10/19/2023,Auto,Devshare,2024-12-16
,375,2023-07-23,01/05/2024,Life,Quatz,2024-12-16
376,376,2023-09-21,01/06/2024,Health,Topicware,2024-12-16
377,377,2023-07-31,07/08/2023,Home,Devpulse,2024-12-16
,378,2023-08-04,05/15/2023,Auto,Abata,2024-12-16
379,379,2023-08-04,01/20/2023,Auto,BlogXS,2024-12-16
,380,2023-03-13,05/28/2023,Home,Devpoint,2024-12-16
381,381,2023-05-01,06/04/2023,Health,Jatri,2024-12-16
,382,2023-12-26,04/07/2023,Home,Janyx,2024-12-16
383,383,2023-03-06,04/19/2023,Life,Skynoodle,2024-12-16
384,384,2023-03-24,05/25/2023,Home,Realfire,2024-12-16
385,385,2023-09-01,08/25/2023,Home,Jaxbean,2024-12-16
,386,2024-01-10,10/16/2023,Auto,Agimba,2024-12-16
,387,2023-03-18,02/01/2023,Health,Oyoloo,2024-12-16
,388,2023-10-31,02/04/2023,Home,Zoovu,2024-12-16
389,389,2023-03-01,04/01/2023,Health,Realpoint,2024-12-16
390,390,2023-05-05,05/27/2023,Health,Lazz,2024-12-16
391,391,2023-01-05,04/22/2023,Home,Quinu,2024-12-16
392,392,2023-10-11,09/23/2023,Health,Devpoint,2024-12-16
393,393,2023-10-16,12/01/2023,Home,Skynoodle,2024-12-16
394,394,2023-07-11,01/30/2023,Life,Wordware,2024-12-16
,395,2023-08-13,11/24/2023,Home,Mybuzz,2024-12-16
396,396,2023-10-24,06/30/2023,Health,Wikizz,2024-12-16
397,397,2023-03-06,08/29/2023,Life,Jetpulse,2024-12-16
398,398,2023-08-15,08/21/2023,Health,Myworks,2024-12-16
399,399,2023-04-28,10/18/2023,Health,Flipopia,2024-12-16
400,400,2023-02-22,04/18/2023,Home,Skimia,2024-12-16
401,401,2023-12-10,10/05/2023,Home,Tambee,2024-12-16
402,402,2024-01-28,03/23/2023,Health,Jabberstorm,2024-12-16
,403,2023-12-12,03/26/2023,Health,Zazio,2024-12-16
404,404,2023-07-08,08/11/2023,Auto,Izio,2024-12-16
405,405,2023-10-11,10/25/2023,Auto,Linkbuzz,2024-12-16
406,406,2023-12-05,12/16/2023,Health,Gabvine,2024-12-16
,407,2023-08-11,11/20/2023,Home,Izio,2024-12-16
408,408,2023-05-06,10/24/2023,Home,Ozu,2024-12-16
,409,2023-09-19,08/09/2023,Auto,Livetube,2024-12-16
410,410,2023-12-09,03/30/2023,Auto,Janyx,2024-12-16
411,411,2023-04-22,06/20/2023,Home,Skilith,2024-12-16
412,412,2023-09-22,02/20/2023,Health,Browsecat,2024-12-16
413,413,2023-08-27,01/26/2023,Home,Photobug,2024-12-16
414,414,2024-01-19,12/22/2023,Health,Riffpedia,2024-12-16
415,415,2023-07-25,01/04/2023,Life,JumpXS,2024-12-16
416,416,2023-01-03,04/16/2023,Life,Realfire,2024-12-16
417,417,2023-07-03,05/29/2023,Auto,Flipstorm,2024-12-16
418,418,2023-08-26,03/05/2023,Health,Mita,2024-12-16
419,419,2023-04-11,05/16/2023,Auto,Eamia,2024-12-16
420,420,2023-03-12,02/28/2023,Auto,Skilith,2024-12-16
421,421,2023-08-16,12/11/2023,Home,Voolith,2024-12-16
422,422,2023-05-21,02/16/2023,Home,Bubblemix,2024-12-16
423,423,2023-10-25,07/19/2023,Health,Yakitri,2024-12-16
,424,2023-04-14,02/18/2023,Life,Abata,2024-12-16
425,425,2023-04-09,01/11/2024,Auto,Oozz,2024-12-16
426,426,2023-01-07,03/21/2023,Auto,Shuffletag,2024-12-16
427,427,2023-04-30,08/03/2023,Home,Brainlounge,2024-12-16
428,428,2023-01-01,01/29/2024,Home,Pixope,2024-12-16
429,429,2023-02-01,04/07/2023,Life,Kayveo,2024-12-16
430,430,2023-02-03,11/25/2023,Life,Flipopia,2024-12-16
431,431,2023-10-31,01/07/2023,Auto,Omba,2024-12-16
432,432,2023-03-24,11/23/2023,Home,Livefish,2024-12-16
433,433,2023-02-26,07/12/2023,Life,Zoozzy,2024-12-16
434,434,2023-02-22,11/27/2023,Auto,Zava,2024-12-16
435,435,2023-01-30,09/06/2023,Auto,Demimbu,2024-12-16
436,436,2023-12-16,01/29/2024,Auto,Feedspan,2024-12-16
,437,2023-09-28,09/15/2023,Auto,Browsecat,2024-12-16
438,438,2023-06-19,07/11/2023,Life,Twiyo,2024-12-16
439,439,2023-12-26,01/29/2023,Health,Oyoyo,2024-12-16
440,440,2023-04-22,02/06/2023,Life,Oyope,2024-12-16
441,441,2023-11-03,02/02/2023,Home,Topicshots,2024-12-16
,442,2023-03-14,08/15/2023,Life,Tanoodle,2024-12-16
443,443,2024-01-21,06/17/2023,Health,Skinte,2024-12-16
444,444,2023-11-19,04/12/2023,Auto,Blogspan,2024-12-16
,445,2024-01-18,12/16/2023,Auto,Latz,2024-12-16
446,446,2023-12-24,10/30/2023,Health,Yozio,2024-12-16
447,447,2023-04-22,05/16/2023,Health,Skiptube,2024-12-16
448,448,2023-04-09,07/22/2023,Home,Kazu,2024-12-16
449,449,2023-11-24,08/22/2023,Home,Myworks,2024-12-16
450,450,2023-06-09,06/22/2023,Life,Yodo,2024-12-16
451,451,2023-02-17,12/30/2023,Auto,Edgeclub,2024-12-16
452,452,2024-01-23,07/08/2023,Home,Topicshots,2024-12-16
453,453,2023-12-31,07/04/2023,Health,Kayveo,2024-12-16
454,454,2023-01-27,01/25/2023,Auto,Buzzster,2024-12-16
455,455,2023-03-19,08/10/2023,Auto,Mudo,2024-12-16
456,456,2023-09-15,01/26/2024,Health,Skinder,2024-12-16
457,457,2023-09-21,01/20/2023,Auto,Dabjam,2024-12-16
458,458,2023-04-18,10/26/2023,Health,Twinder,2024-12-16
459,459,2023-01-18,03/29/2023,Life,Jaxworks,2024-12-16
460,460,2023-03-04,02/24/2023,Health,Photojam,2024-12-16
461,461,2023-07-23,06/13/2023,Health,Thoughtbridge,2024-12-16
462,462,2023-10-31,08/07/2023,Home,Trilia,2024-12-16
463,463,2023-12-28,05/13/2023,Health,Yamia,2024-12-16
464,464,2024-01-25,01/08/2024,Life,Buzzshare,2024-12-16
465,465,2023-08-21,04/07/2023,Health,Yoveo,2024-12-16
466,466,2023-04-25,07/30/2023,Health,Twinder,2024-12-16
,467,2023-03-20,04/20/2023,Life,Feedspan,2024-12-16
468,468,2023-09-26,05/23/2023,Home,Youspan,2024-12-16
469,469,2023-06-23,09/28/2023,Home,Yadel,2024-12-16
470,470,2023-06-20,05/01/2023,Home,Rhyloo,2024-12-16
471,471,2023-03-27,06/18/2023,Life,Fivebridge,2024-12-16
472,472,2023-04-25,03/04/2023,Life,Youspan,2024-12-16
473,473,2023-12-29,11/22/2023,Home,Yadel,2024-12-16
474,474,2023-11-06,07/17/2023,Health,Meevee,2024-12-16
475,475,2023-12-27,08/06/2023,Auto,Voonix,2024-12-16
476,476,2023-03-08,11/25/2023,Life,Jabbersphere,2024-12-16
477,477,2023-12-15,08/07/2023,Health,Quimba,2024-12-16
478,478,2023-11-23,08/31/2023,Home,Eayo,2024-12-16
479,479,2023-03-11,07/03/2023,Auto,Tazzy,2024-12-16
480,480,2023-11-12,05/29/2023,Home,Fivechat,2024-12-16
481,481,2023-12-31,03/25/2023,Life,Thoughtmix,2024-12-16
482,482,2023-09-24,07/03/2023,Auto,Realpoint,2024-12-16
483,483,2023-09-17,08/07/2023,Home,Devpoint,2024-12-16
484,484,2023-07-16,09/03/2023,Home,Kwimbee,2024-12-16
,485,2023-03-26,07/23/2023,Health,Oozz,2024-12-16
486,486,2023-04-17,12/23/2023,Health,Jabberstorm,2024-12-16
487,487,2023-06-06,07/12/2023,Health,Eare,2024-12-16
488,488,2023-02-10,03/07/2023,Health,Kwilith,2024-12-16
489,489,2023-05-30,09/03/2023,Home,Photobug,2024-12-16
,490,2023-07-29,03/29/2023,Home,Skipstorm,2024-12-16
491,491,2023-08-18,01/06/2024,Auto,Skilith,2024-12-16
492,492,2023-02-13,01/16/2023,Home,Dabtype,2024-12-16
493,493,2023-09-01,02/13/2023,Health,Jayo,2024-12-16
494,494,2023-11-30,01/19/2023,Home,Teklist,2024-12-16
495,495,2023-04-21,02/21/2023,Home,Linkbuzz,2024-12-16
496,496,2023-02-26,12/19/2023,Health,Shufflebeat,2024-12-16
497,497,2023-12-07,05/12/2023,Health,Blogspan,2024-12-16
,498,2023-06-11,01/18/2024,Life,Zoomcast,2024-12-16
499,499,2023-09-20,04/20/2023,Life,Dabfeed,2024-12-16
500,500,2024-01-13,08/11/2023,Health,Kamba,2024-12-16
501,501,2023-08-09,01/20/2024,Life,Dynava,2024-12-16
502,502,2024-01-06,01/29/2024,Home,Tagfeed,2024-12-16
503,503,2023-07-30,11/09/2023,Life,BlogXS,2024-12-16
504,504,2023-03-15,10/09/2023,Life,Vipe,2024-12-16
505,505,2023-07-25,08/01/2023,Auto,Quire,2024-12-16
506,506,2023-05-05,07/02/2023,Home,Tagchat,2024-12-16
507,507,2023-12-24,10/27/2023,Auto,Jayo,2024-12-16
508,508,2023-10-20,10/03/2023,Health,Realblab,2024-12-16
509,509,2023-10-22,09/26/2023,Life,Oyonder,2024-12-16
510,510,2023-08-11,03/17/2023,Health,Jaxbean,2024-12-16
511,511,2023-03-06,11/07/2023,Health,Shufflebeat,2024-12-16
512,512,2023-07-01,03/02/2023,Health,Flashdog,2024-12-16
513,513,2023-01-29,01/04/2024,Home,Topdrive,2024-12-16
,514,2024-01-12,01/22/2023,Life,Plajo,2024-12-16
515,515,2023-01-29,08/03/2023,Home,Photobug,2024-12-16
516,516,2023-12-16,02/24/2023,Life,Kazio,2024-12-16
517,517,2023-07-21,03/23/2023,Home,Rhycero,2024-12-16
,518,2023-06-02,05/03/2023,Home,Katz,2024-12-16
519,519,2023-12-07,12/14/2023,Health,Fiveclub,2024-12-16
520,520,2023-01-03,08/27/2023,Home,Latz,2024-12-16
521,521,2023-10-18,08/17/2023,Home,Devshare,2024-12-16
522,522,2023-11-07,05/11/2023,Life,Skipstorm,2024-12-16
523,523,2023-08-08,01/13/2023,Health,Devbug,2024-12-16
524,524,2023-12-19,12/22/2023,Life,Twimm,2024-12-16
525,525,2023-07-24,10/02/2023,Auto,Oyoba,2024-12-16
526,526,2023-12-29,08/30/2023,Life,Fadeo,2024-12-16
527,527,2023-01-10,06/17/2023,Home,Jatri,2024-12-16
528,528,2023-08-16,01/15/2024,Life,Eimbee,2024-12-16
529,529,2023-02-08,12/01/2023,Life,Innotype,2024-12-16
,530,2023-10-08,12/21/2023,Home,Youfeed,2024-12-16
531,531,2023-07-28,05/16/2023,Health,DabZ,2024-12-16
532,532,2023-04-14,06/25/2023,Auto,Browsedrive,2024-12-16
533,533,2023-10-23,03/13/2023,Health,Yotz,2024-12-16
534,534,2023-03-19,04/16/2023,Health,Jazzy,2024-12-16
535,535,2024-01-08,02/13/2023,Health,Eimbee,2024-12-16
536,536,2023-01-12,12/21/2023,Health,Brainverse,2024-12-16
537,537,2023-02-08,01/18/2023,Auto,Avaveo,2024-12-16
538,538,2023-07-09,10/12/2023,Health,Kwideo,2024-12-16
,539,2023-05-26,03/30/2023,Auto,Jayo,2024-12-16
540,540,2023-11-03,12/12/2023,Life,Plambee,2024-12-16
541,541,2023-02-19,10/15/2023,Life,Gabvine,2024-12-16
542,542,2023-10-18,09/06/2023,Home,Thoughtsphere,2024-12-16
543,543,2023-06-14,05/25/2023,Auto,Vitz,2024-12-16
544,544,2023-12-30,03/28/2023,Auto,Buzzster,2024-12-16
545,545,2023-12-23,01/17/2024,Home,Oyoba,2024-12-16
546,546,2023-12-17,11/23/2023,Health,Eire,2024-12-16
547,547,2023-12-30,03/09/2023,Auto,Minyx,2024-12-16
548,548,2023-01-15,05/20/2023,Health,Jetpulse,2024-12-16
549,549,2023-10-07,07/14/2023,Home,Eare,2024-12-16
550,550,2023-12-11,07/02/2023,Home,Vidoo,2024-12-16
551,551,2023-09-28,04/25/2023,Health,Skaboo,2024-12-16
552,552,2023-10-09,11/27/2023,Home,Digitube,2024-12-16
553,553,2023-12-17,08/25/2023,Home,Meevee,2024-12-16
554,554,2023-11-21,03/14/2023,Life,Youopia,2024-12-16
555,555,2023-12-01,05/31/2023,Health,Avaveo,2024-12-16
556,556,2023-06-08,02/15/2023,Home,Pixonyx,2024-12-16
557,557,2023-12-24,05/12/2023,Life,Kazio,2024-12-16
558,558,2023-07-07,07/05/2023,Life,Wordware,2024-12-16
559,559,2023-06-07,11/13/2023,Health,Jabbertype,2024-12-16
560,560,2023-02-08,01/25/2023,Auto,Ailane,2024-12-16
,561,2023-03-29,06/07/2023,Auto,Kanoodle,2024-12-16
562,562,2023-11-28,01/09/2024,Life,Gabspot,2024-12-16
563,563,2024-01-09,02/27/2023,Health,Dazzlesphere,2024-12-16
564,564,2023-08-29,06/08/2023,Health,Realbridge,2024-12-16
565,565,2023-09-07,01/17/2024,Life,Bubblebox,2024-12-16
566,566,2023-12-19,07/16/2023,Home,Quamba,2024-12-16
567,567,2023-09-25,05/20/2023,Home,Yamia,2024-12-16
568,568,2023-04-16,12/10/2023,Health,Yodel,2024-12-16
569,569,2023-12-02,03/13/2023,Home,Eidel,2024-12-16
570,570,2023-06-12,04/26/2023,Life,Bubbletube,2024-12-16
571,571,2023-10-17,01/21/2024,Auto,Omba,2024-12-16
572,572,2023-08-14,01/21/2023,Auto,Yodel,2024-12-16
573,573,2023-01-01,08/19/2023,Life,Devbug,2024-12-16
574,574,2023-11-16,10/08/2023,Home,Trupe,2024-12-16
575,575,2023-10-14,08/17/2023,Auto,Jayo,2024-12-16
576,576,2023-08-06,01/08/2024,Home,Mymm,2024-12-16
577,577,2023-03-04,05/20/2023,Auto,Youopia,2024-12-16
578,578,2023-12-08,04/27/2023,Auto,Flashset,2024-12-16
579,579,2023-05-06,01/12/2023,Auto,Skipstorm,2024-12-16
,580,2023-02-15,10/23/2023,Home,Tagfeed,2024-12-16
581,581,2023-04-11,04/07/2023,Auto,Twitterbeat,2024-12-16
582,582,2024-01-14,06/12/2023,Health,Blognation,2024-12-16
583,583,2023-05-23,05/13/2023,Health,Cogibox,2024-12-16
584,584,2023-03-10,06/21/2023,Life,Jaloo,2024-12-16
585,585,2023-07-02,01/10/2024,Home,Zoombeat,2024-12-16
586,586,2023-03-07,10/12/2023,Auto,Brightbean,2024-12-16
587,587,2023-03-03,04/02/2023,Home,Kazu,2024-12-16
588,588,2023-12-19,01/05/2023,Auto,Snaptags,2024-12-16
589,589,2023-01-13,11/27/2023,Life,Skimia,2024-12-16
590,590,2023-01-12,01/18/2024,Life,Wordtune,2024-12-16
,591,2023-10-18,01/03/2024,Life,Skippad,2024-12-16
592,592,2024-01-08,08/21/2023,Life,Tazz,2024-12-16
593,593,2023-11-14,11/02/2023,Home,Jamia,2024-12-16
594,594,2023-02-28,05/29/2023,Home,Buzzdog,2024-12-16
595,595,2023-08-12,10/01/2023,Auto,Pixoboo,2024-12-16
596,596,2023-01-28,05/16/2023,Health,Roombo,2024-12-16
597,597,2023-02-26,12/24/2023,Health,Oyoloo,2024-12-16
598,598,2023-10-23,11/04/2023,Home,Skinte,2024-12-16
599,599,2023-10-20,02/09/2023,Life,Yadel,2024-12-16
600,600,2023-11-24,07/08/2023,Home,Oodoo,2024-12-16
601,601,2023-06-13,10/14/2023,Life,Trudeo,2024-12-16
602,602,2023-11-24,04/02/2023,Home,Meevee,2024-12-16
603,603,2023-11-08,08/14/2023,Home,Yakitri,2024-12-16
604,604,2023-01-08,04/08/2023,Life,Kazu,2024-12-16
605,605,2023-02-27,10/06/2023,Life,Dabfeed,2024-12-16
606,606,2023-06-22,01/06/2024,Auto,Skinder,2024-12-16
607,607,2023-01-15,02/08/2023,Auto,Thoughtworks,2024-12-16
608,608,2023-10-31,03/14/2023,Health,Roomm,2024-12-16
609,609,2023-12-28,06/29/2023,Auto,Meedoo,2024-12-16
610,610,2024-01-10,02/25/2023,Auto,Leexo,2024-12-16
611,611,2023-09-23,12/11/2023,Home,Demivee,2024-12-16
612,612,2023-02-13,11/04/2023,Home,Feedfire,2024-12-16
613,613,2023-06-05,05/10/2023,Home,Edgeblab,2024-12-16
614,614,2023-12-23,05/23/2023,Home,Avavee,2024-12-16
615,615,2023-06-17,09/21/2023,Life,Rhybox,2024-12-16
616,616,2023-07-24,07/01/2023,Life,Topicblab,2024-12-16
617,617,2023-02-13,04/11/2023,Home,Aibox,2024-12-16
618,618,2023-01-19,06/02/2023,Home,Gabcube,2024-12-16
619,619,2023-05-21,11/15/2023,Health,Twimbo,2024-12-16
620,620,2023-01-14,09/26/2023,Home,Oozz,2024-12-16
621,621,2023-10-06,07/04/2023,Health,DabZ,2024-12-16
,622,2023-02-04,01/18/2024,Home,Shuffletag,2024-12-16
623,623,2023-04-12,02/21/2023,Home,Demizz,2024-12-16
624,624,2023-08-27,01/06/2023,Health,Realcube,2024-12-16
625,625,2023-01-06,01/14/2024,Health,Vinte,2024-12-16
626,626,2023-10-19,01/06/2023,Health,Bluejam,2024-12-16
627,627,2023-04-22,01/25/2023,Home,Zoombeat,2024-12-16
,628,2023-07-02,04/15/2023,Life,Devshare,2024-12-16
629,629,2023-01-08,08/27/2023,Life,Kayveo,2024-12-16
630,630,2023-01-05,07/05/2023,Home,Jetpulse,2024-12-16
631,631,2023-01-03,09/05/2023,Life,Skimia,2024-12-16
632,632,2024-01-28,10/22/2023,Home,Twimm,2024-12-16
633,633,2023-08-27,09/29/2023,Health,Pixonyx,2024-12-16
634,634,2023-04-11,10/09/2023,Auto,Katz,2024-12-16
635,635,2023-03-13,08/22/2023,Health,Skiptube,2024-12-16
,636,2024-01-23,10/02/2023,Health,Dynabox,2024-12-16
637,637,2024-01-29,03/15/2023,Life,Meevee,2024-12-16
638,638,2023-10-01,08/18/2023,Home,Wordpedia,2024-12-16
639,639,2023-02-01,08/05/2023,Home,Riffpath,2024-12-16
640,640,2023-10-04,02/06/2023,Health,Agimba,2024-12-16
641,641,2023-02-16,12/13/2023,Life,LiveZ,2024-12-16
642,642,2023-04-09,01/06/2023,Auto,Youbridge,2024-12-16
643,643,2023-01-07,02/14/2023,Auto,Muxo,2024-12-16
644,644,2023-11-21,10/28/2023,Health,Yodel,2024-12-16
645,645,2023-03-23,03/30/2023,Home,Realblab,2024-12-16
646,646,2023-05-10,10/12/2023,Home,Feednation,2024-12-16
647,647,2023-07-31,07/21/2023,Health,Youtags,2024-12-16
648,648,2023-06-29,03/27/2023,Auto,Jabbersphere,2024-12-16
649,649,2023-10-26,08/11/2023,Home,Realblab,2024-12-16
650,650,2023-01-18,10/29/2023,Auto,Linktype,2024-12-16
651,651,2023-02-08,06/23/2023,Health,Kanoodle,2024-12-16
652,652,2023-10-11,03/29/2023,Auto,Lazzy,2024-12-16
653,653,2023-02-03,02/14/2023,Life,Tazz,2024-12-16
654,654,2023-05-15,08/12/2023,Auto,Flashspan,2024-12-16
655,655,2023-06-26,03/09/2023,Auto,Twinder,2024-12-16
656,656,2023-11-05,09/29/2023,Home,Quinu,2024-12-16
657,657,2023-01-19,05/23/2023,Auto,Jaxspan,2024-12-16
,658,2023-11-29,01/05/2023,Auto,Tanoodle,2024-12-16
659,659,2024-01-21,05/27/2023,Health,Zoombox,2024-12-16
660,660,2023-02-02,11/07/2023,Health,Skimia,2024-12-16
661,661,2024-01-06,03/24/2023,Life,Digitube,2024-12-16
662,662,2023-01-21,11/21/2023,Auto,Tagtune,2024-12-16
663,663,2023-08-25,04/09/2023,Auto,Yata,2024-12-16
664,664,2023-05-25,01/16/2024,Home,Meembee,2024-12-16
665,665,2023-07-08,01/06/2023,Life,Feedspan,2024-12-16
666,666,2023-08-07,06/26/2023,Home,Aimbo,2024-12-16
667,667,2023-08-05,08/16/2023,Life,Gigashots,2024-12-16
668,668,2023-07-25,11/29/2023,Home,Mynte,2024-12-16
669,669,2023-10-04,09/02/2023,Auto,Divape,2024-12-16
670,670,2023-01-06,03/25/2023,Auto,Reallinks,2024-12-16
671,671,2023-11-19,03/30/2023,Health,Jaloo,2024-12-16
672,672,2023-01-22,09/24/2023,Life,Yamia,2024-12-16
,673,2023-01-07,05/21/2023,Home,Jaxworks,2024-12-16
674,674,2023-12-25,12/30/2023,Life,Bubbletube,2024-12-16
675,675,2023-09-15,04/20/2023,Home,Quamba,2024-12-16
676,676,2023-11-17,10/18/2023,Auto,Jabberbean,2024-12-16
677,677,2024-01-24,12/03/2023,Life,Jaloo,2024-12-16
678,678,2023-11-28,08/11/2023,Life,Realbridge,2024-12-16
679,679,2023-01-21,08/31/2023,Home,Yadel,2024-12-16
680,680,2023-02-07,09/28/2023,Auto,Katz,2024-12-16
681,681,2023-07-27,01/01/2024,Home,Zoonder,2024-12-16
682,682,2023-08-13,03/14/2023,Home,Topicblab,2024-12-16
683,683,2023-06-16,10/12/2023,Life,Oyoba,2024-12-16
684,684,2023-06-12,01/24/2024,Health,Topicware,2024-12-16
685,685,2023-01-08,04/06/2023,Auto,Riffpath,2024-12-16
686,686,2023-04-13,12/08/2023,Health,Browsetype,2024-12-16
,687,2023-06-21,10/06/2023,Home,Buzzbean,2024-12-16
688,688,2023-09-25,10/27/2023,Life,Gigashots,2024-12-16
689,689,2023-07-27,01/18/2023,Home,Eamia,2024-12-16
690,690,2023-11-28,04/05/2023,Life,Kimia,2024-12-16
691,691,2023-11-11,11/10/2023,Life,Trilia,2024-12-16
692,692,2023-03-02,02/07/2023,Health,Eire,2024-12-16
693,693,2023-04-21,02/15/2023,Auto,Devpoint,2024-12-16
694,694,2023-12-02,06/01/2023,Auto,Fivechat,2024-12-16
695,695,2023-05-16,01/29/2024,Home,Zooxo,2024-12-16
696,696,2023-12-02,06/24/2023,Auto,Yodel,2024-12-16
697,697,2023-12-12,09/09/2023,Life,Izio,2024-12-16
698,698,2023-04-03,06/27/2023,Home,Twitterwire,2024-12-16
699,699,2023-12-25,12/18/2023,Health,Muxo,2024-12-16
700,700,2023-02-09,01/25/2023,Home,Rhyloo,2024-12-16
,701,2023-05-19,06/14/2023,Home,Trilith,2024-12-16
702,702,2023-12-09,11/08/2023,Health,Kazu,2024-12-16
703,703,2023-05-19,12/07/2023,Health,Edgewire,2024-12-16
704,704,2023-11-21,01/02/2024,Home,Buzzdog,2024-12-16
705,705,2023-08-29,05/18/2023,Life,Rhyzio,2024-12-16
706,706,2023-10-15,04/19/2023,Auto,Blogpad,2024-12-16
707,707,2023-07-26,04/23/2023,Auto,Izio,2024-12-16
708,708,2023-08-06,10/22/2023,Auto,Zooxo,2024-12-16
709,709,2023-02-03,03/09/2023,Auto,Jabbersphere,2024-12-16
710,710,2024-01-15,01/19/2024,Life,Yamia,2024-12-16
711,711,2023-07-27,01/25/2024,Home,Zoomzone,2024-12-16
712,712,2023-06-10,07/28/2023,Auto,Wordtune,2024-12-16
713,713,2023-04-04,11/22/2023,Health,Browseblab,2024-12-16
714,714,2023-09-19,04/25/2023,Home,Brightbean,2024-12-16
715,715,2023-07-08,12/25/2023,Home,Rhybox,2024-12-16
716,716,2023-05-09,08/30/2023,Auto,Twimbo,2024-12-16
717,717,2023-10-22,07/30/2023,Health,Viva,2024-12-16
718,718,2023-12-23,10/12/2023,Auto,Jabberstorm,2024-12-16
719,719,2023-11-09,03/24/2023,Health,Flashpoint,2024-12-16
720,720,2023-10-20,09/08/2023,Life,Topdrive,2024-12-16
721,721,2023-11-23,07/27/2023,Life,DabZ,2024-12-16
722,722,2023-01-14,02/19/2023,Auto,Linktype,2024-12-16
723,723,2024-01-22,08/22/2023,Home,Babbleopia,2024-12-16
724,724,2023-09-12,11/03/2023,Life,Talane,2024-12-16
725,725,2023-02-13,01/04/2024,Life,Trilia,2024-12-16
726,726,2024-01-20,06/29/2023,Life,Abata,2024-12-16
727,727,2023-01-26,07/12/2023,Auto,Feedbug,2024-12-16
728,728,2023-05-28,01/03/2024,Life,Wordtune,2024-12-16
729,729,2023-02-26,03/09/2023,Home,Skipfire,2024-12-16
730,730,2023-11-02,07/28/2023,Home,Buzzshare,2024-12-16
731,731,2023-03-24,01/13/2024,Life,Skidoo,2024-12-16
732,732,2023-03-26,09/16/2023,Health,Skaboo,2024-12-16
733,733,2023-06-28,05/07/2023,Home,Jaxspan,2024-12-16
734,734,2023-03-17,03/25/2023,Home,Realmix,2024-12-16
735,735,2023-10-10,07/29/2023,Home,Oyope,2024-12-16
736,736,2023-01-12,11/05/2023,Life,Yamia,2024-12-16
737,737,2023-05-15,01/23/2024,Auto,Jaxworks,2024-12-16
738,738,2024-01-23,07/02/2023,Auto,Blogspan,2024-12-16
739,739,2023-01-27,12/20/2023,Health,Teklist,2024-12-16
740,740,2023-06-18,01/29/2023,Home,Gabvine,2024-12-16
741,741,2023-10-23,08/12/2023,Health,Voolith,2024-12-16
742,742,2024-01-24,05/27/2023,Health,Mybuzz,2024-12-16
743,743,2023-04-12,10/25/2023,Health,Flipopia,2024-12-16
744,744,2023-02-21,01/11/2024,Health,Nlounge,2024-12-16
745,745,2023-02-16,12/06/2023,Auto,Eazzy,2024-12-16
746,746,2023-09-06,10/31/2023,Home,Zoonoodle,2024-12-16
747,747,2023-09-05,05/30/2023,Health,Devbug,2024-12-16
748,748,2023-06-26,06/01/2023,Auto,Thoughtsphere,2024-12-16
749,749,2023-07-28,02/25/2023,Health,Topicware,2024-12-16
750,750,2023-07-23,01/23/2024,Life,Oyoyo,2024-12-16
751,751,2023-03-05,11/30/2023,Home,Wikivu,2024-12-16
752,752,2023-08-15,10/06/2023,Auto,Oyoloo,2024-12-16
,753,2023-07-09,07/12/2023,Health,Buzzbean,2024-12-16
754,754,2024-01-20,06/09/2023,Life,Topicblab,2024-12-16
,755,2023-06-08,06/16/2023,Life,Gabvine,2024-12-16
756,756,2023-05-12,06/04/2023,Health,Omba,2024-12-16
757,757,2023-01-28,05/13/2023,Health,Thoughtsphere,2024-12-16
,758,2023-12-17,01/27/2024,Home,Riffwire,2024-12-16
759,759,2023-03-12,04/14/2023,Life,Skyba,2024-12-16
760,760,2023-03-15,08/31/2023,Life,Avaveo,2024-12-16
,761,2023-06-29,05/06/2023,Life,Innojam,2024-12-16
762,762,2023-06-07,01/04/2023,Health,Jetwire,2024-12-16
763,763,2023-07-19,02/26/2023,Auto,Tagopia,2024-12-16
764,764,2023-06-12,04/23/2023,Health,Meembee,2024-12-16
765,765,2023-07-23,04/20/2023,Life,Rhybox,2024-12-16
766,766,2023-06-23,01/18/2024,Home,Realblab,2024-12-16
767,767,2023-10-25,07/02/2023,Home,Skinder,2024-12-16
768,768,2023-05-28,09/24/2023,Health,Tagtune,2024-12-16
769,769,2023-06-27,11/20/2023,Health,Katz,2024-12-16
770,770,2023-04-02,01/18/2024,Home,Skaboo,2024-12-16
771,771,2023-03-23,09/02/2023,Home,Photobug,2024-12-16
772,772,2023-02-28,07/29/2023,Home,Thoughtstorm,2024-12-16
773,773,2024-01-04,06/15/2023,Auto,Jabberbean,2024-12-16
774,774,2023-10-13,07/14/2023,Home,Oyoyo,2024-12-16
775,775,2024-01-21,08/23/2023,Life,Ainyx,2024-12-16
776,776,2023-06-28,05/26/2023,Health,Tavu,2024-12-16
777,777,2023-04-24,08/09/2023,Auto,Skinder,2024-12-16
778,778,2023-09-28,04/10/2023,Home,Izio,2024-12-16
779,779,2023-06-16,06/30/2023,Auto,Flipstorm,2024-12-16
780,780,2023-10-26,02/21/2023,Home,Midel,2024-12-16
781,781,2023-03-10,11/21/2023,Life,Roodel,2024-12-16
782,782,2023-04-14,04/10/2023,Auto,Lajo,2024-12-16
783,783,2024-01-22,05/25/2023,Home,Flashdog,2024-12-16
784,784,2024-01-04,01/04/2024,Life,Divanoodle,2024-12-16
785,785,2023-01-26,06/23/2023,Life,Brightdog,2024-12-16
786,786,2023-09-30,12/26/2023,Health,Nlounge,2024-12-16
787,787,2023-07-23,08/10/2023,Home,Fivechat,2024-12-16
788,788,2024-01-24,11/25/2023,Home,Miboo,2024-12-16
789,789,2023-09-09,05/31/2023,Home,Eazzy,2024-12-16
790,790,2023-12-17,07/29/2023,Home,Blogspan,2024-12-16
791,791,2023-02-03,06/30/2023,Home,Quamba,2024-12-16
792,792,2023-11-10,01/29/2023,Home,Centidel,2024-12-16
793,793,2023-06-28,09/05/2023,Home,Ntag,2024-12-16
794,794,2023-10-30,06/04/2023,Home,Gabspot,2024-12-16
795,795,2023-05-11,10/26/2023,Auto,Oodoo,2024-12-16
796,796,2023-10-03,05/03/2023,Auto,Topicshots,2024-12-16
797,797,2023-09-09,11/04/2023,Auto,Teklist,2024-12-16
798,798,2023-09-22,09/22/2023,Auto,Viva,2024-12-16
799,799,2023-01-11,11/01/2023,Health,Tagfeed,2024-12-16
800,800,2023-07-29,06/21/2023,Auto,Topiclounge,2024-12-16
801,801,2023-03-19,10/24/2023,Life,Dynava,2024-12-16
802,802,2023-08-24,04/05/2023,Auto,Voonte,2024-12-16
803,803,2023-06-03,11/26/2023,Health,Photofeed,2024-12-16
804,804,2023-08-03,12/26/2023,Home,Yotz,2024-12-16
805,805,2023-12-11,11/17/2023,Health,Jaxnation,2024-12-16
,806,2023-05-16,09/12/2023,Life,LiveZ,2024-12-16
807,807,2023-04-01,12/29/2023,Auto,Jabbercube,2024-12-16
808,808,2023-09-03,06/09/2023,Auto,Photospace,2024-12-16
809,809,2023-09-26,02/02/2023,Life,Wikibox,2024-12-16
810,810,2023-07-01,06/29/2023,Auto,Tagpad,2024-12-16
811,811,2023-01-26,12/16/2023,Auto,Ntags,2024-12-16
812,812,2023-09-15,01/22/2023,Home,Podcat,2024-12-16
813,813,2023-09-09,12/04/2023,Home,Bluezoom,2024-12-16
814,814,2023-07-09,07/22/2023,Life,Avamba,2024-12-16
,815,2023-02-22,07/06/2023,Health,Dynazzy,2024-12-16
816,816,2023-04-01,11/11/2023,Health,Photolist,2024-12-16
817,817,2023-01-05,10/25/2023,Auto,Babbleblab,2024-12-16
818,818,2024-01-01,07/26/2023,Home,Topiczoom,2024-12-16
819,819,2023-01-11,04/17/2023,Auto,Twitterbridge,2024-12-16
820,820,2023-02-10,01/08/2023,Home,Eadel,2024-12-16
821,821,2023-08-29,03/06/2023,Home,Meezzy,2024-12-16
822,822,2023-10-17,05/02/2023,Auto,Pixoboo,2024-12-16
823,823,2023-11-21,07/15/2023,Auto,Tanoodle,2024-12-16
824,824,2023-11-21,04/16/2023,Home,Avamm,2024-12-16
825,825,2023-04-05,07/30/2023,Home,Edgeblab,2024-12-16
826,826,2023-01-13,03/24/2023,Life,Photofeed,2024-12-16
827,827,2023-03-28,01/24/2024,Life,Oozz,2024-12-16
828,828,2023-07-27,11/28/2023,Home,Topicblab,2024-12-16
,829,2023-08-15,10/26/2023,Health,Jabberbean,2024-12-16
830,830,2024-01-01,07/21/2023,Auto,Chatterbridge,2024-12-16
831,831,2023-12-06,01/26/2024,Home,Trunyx,2024-12-16
832,832,2023-01-27,12/18/2023,Life,Twinte,2024-12-16
833,833,2024-01-11,08/09/2023,Auto,Browsedrive,2024-12-16
834,834,2023-02-11,02/13/2023,Health,Oyope,2024-12-16
835,835,2023-10-10,04/30/2023,Health,Vipe,2024-12-16
836,836,2023-10-14,01/04/2023,Auto,Photospace,2024-12-16
837,837,2023-04-18,11/15/2023,Auto,Edgewire,2024-12-16
838,838,2023-10-05,10/25/2023,Health,Quimm,2024-12-16
839,839,2023-08-04,01/31/2023,Home,Flipopia,2024-12-16
840,840,2023-06-13,05/03/2023,Auto,Feedfish,2024-12-16
841,841,2023-04-19,07/02/2023,Auto,Feedbug,2024-12-16
842,842,2023-12-16,03/01/2023,Health,Fivespan,2024-12-16
843,843,2023-05-17,01/11/2024,Home,Realbuzz,2024-12-16
844,844,2023-02-06,03/31/2023,Auto,Oyoba,2024-12-16
845,845,2023-03-15,07/26/2023,Life,Dazzlesphere,2024-12-16
846,846,2023-01-19,05/28/2023,Life,Twitterlist,2024-12-16
847,847,2023-11-16,01/29/2023,Health,Innojam,2024-12-16
848,848,2023-08-09,01/17/2024,Health,Blogpad,2024-12-16
849,849,2023-10-26,08/23/2023,Health,Meevee,2024-12-16
850,850,2023-11-12,07/22/2023,Auto,Feednation,2024-12-16
851,851,2024-01-24,07/30/2023,Home,Browsedrive,2024-12-16
852,852,2023-04-09,03/08/2023,Life,Centizu,2024-12-16
853,853,2023-11-18,11/05/2023,Life,Riffpedia,2024-12-16
854,854,2023-06-05,12/20/2023,Health,Blogspan,2024-12-16
855,855,2023-08-09,04/29/2023,Auto,Quinu,2024-12-16
856,856,2024-01-09,12/23/2023,Auto,Mita,2024-12-16
857,857,2023-09-09,05/05/2023,Home,Yodoo,2024-12-16
858,858,2023-03-23,11/21/2023,Home,Ozu,2024-12-16
859,859,2023-07-17,03/27/2023,Health,Trudoo,2024-12-16
860,860,2023-02-20,01/04/2023,Auto,Tagcat,2024-12-16
861,861,2023-06-06,10/30/2023,Home,Twitterbeat,2024-12-16
862,862,2023-04-21,02/25/2023,Health,Aivee,2024-12-16
863,863,2023-07-12,11/24/2023,Health,Gabvine,2024-12-16
864,864,2024-01-21,09/15/2023,Auto,Centimia,2024-12-16
865,865,2023-08-28,09/24/2023,Life,Zoozzy,2024-12-16
866,866,2023-03-21,11/16/2023,Life,Twimm,2024-12-16
867,867,2023-07-05,07/21/2023,Auto,Thoughtstorm,2024-12-16
868,868,2023-11-21,10/31/2023,Health,Teklist,2024-12-16
,869,2023-04-10,01/13/2023,Health,Jaloo,2024-12-16
870,870,2023-11-21,05/13/2023,Life,Vipe,2024-12-16
871,871,2023-08-13,11/13/2023,Auto,Browsecat,2024-12-16
872,872,2023-11-02,09/23/2023,Home,Trunyx,2024-12-16
873,873,2023-08-07,06/05/2023,Health,Zoovu,2024-12-16
874,874,2023-08-06,12/17/2023,Home,Ainyx,2024-12-16
875,875,2023-11-23,11/22/2023,Home,Jaxworks,2024-12-16
876,876,2023-03-20,08/15/2023,Health,Ntag,2024-12-16
877,877,2023-07-14,07/23/2023,Home,Yakijo,2024-12-16
878,878,2023-09-05,04/25/2023,Life,Yamia,2024-12-16
879,879,2023-01-04,07/05/2023,Health,Kaymbo,2024-12-16
880,880,2023-08-18,01/10/2023,Health,Jazzy,2024-12-16
881,881,2023-11-18,08/27/2023,Life,Abatz,2024-12-16
882,882,2023-02-18,06/24/2023,Home,Tanoodle,2024-12-16
883,883,2023-01-03,10/02/2023,Home,Voonix,2024-12-16
884,884,2023-09-14,12/17/2023,Health,Mita,2024-12-16
885,885,2023-06-21,12/16/2023,Life,Blogspan,2024-12-16
886,886,2023-12-01,01/23/2023,Life,Quinu,2024-12-16
887,887,2023-10-21,08/26/2023,Life,Jaloo,2024-12-16
888,888,2023-08-31,02/22/2023,Home,Meevee,2024-12-16
889,889,2023-08-16,02/21/2023,Home,Gabcube,2024-12-16
,890,2023-03-28,04/15/2023,Auto,Blognation,2024-12-16
891,891,2023-05-10,05/11/2023,Home,Thoughtstorm,2024-12-16
892,892,2023-02-24,02/01/2023,Auto,Meeveo,2024-12-16
893,893,2023-10-20,08/02/2023,Home,Wikizz,2024-12-16
894,894,2023-06-20,09/05/2023,Home,Wordify,2024-12-16
895,895,2023-06-18,12/11/2023,Home,Fanoodle,2024-12-16
896,896,2023-10-25,12/13/2023,Auto,Photobug,2024-12-16
897,897,2023-09-27,02/24/2023,Health,Eazzy,2024-12-16
898,898,2023-04-23,12/31/2023,Life,Zoomlounge,2024-12-16
899,899,2023-09-28,09/30/2023,Health,Feedspan,2024-12-16
900,900,2023-06-21,02/16/2023,Health,Dabshots,2024-12-16
901,901,2023-01-26,03/06/2023,Home,Gabcube,2024-12-16
902,902,2023-10-17,03/21/2023,Life,Trudoo,2024-12-16
903,903,2023-10-19,11/08/2023,Life,Browsebug,2024-12-16
904,904,2024-01-10,01/21/2024,Life,Digitube,2024-12-16
905,905,2023-06-03,10/11/2023,Health,Realblab,2024-12-16
906,906,2023-07-09,01/11/2024,Health,Realcube,2024-12-16
907,907,2023-06-06,08/27/2023,Auto,Wikivu,2024-12-16
908,908,2023-01-04,06/08/2023,Auto,Skipstorm,2024-12-16
909,909,2023-09-28,03/12/2023,Auto,Brightdog,2024-12-16
910,910,2023-05-18,11/22/2023,Home,Nlounge,2024-12-16
911,911,2023-10-12,10/12/2023,Life,Dazzlesphere,2024-12-16
,912,2023-01-05,02/11/2023,Home,Ntags,2024-12-16
913,913,2023-10-11,09/15/2023,Home,Photobug,2024-12-16
,914,2023-07-26,12/22/2023,Health,Feedfire,2024-12-16
915,915,2023-02-08,08/19/2023,Life,Zoozzy,2024-12-16
916,916,2023-10-23,05/05/2023,Life,Tagpad,2024-12-16
917,917,2023-08-22,10/14/2023,Auto,Quire,2024-12-16
918,918,2023-10-26,10/01/2023,Health,Wikido,2024-12-16
919,919,2023-11-29,07/12/2023,Life,Flipstorm,2024-12-16
920,920,2023-12-11,12/30/2023,Health,Plajo,2024-12-16
921,921,2023-01-17,11/10/2023,Health,Skibox,2024-12-16
922,922,2023-04-02,06/12/2023,Health,Blogtags,2024-12-16
923,923,2023-12-24,12/21/2023,Home,Edgetag,2024-12-16
924,924,2023-09-22,03/01/2023,Home,Riffwire,2024-12-16
925,925,2023-02-11,06/12/2023,Life,Tavu,2024-12-16
,926,2023-05-20,05/22/2023,Auto,Muxo,2024-12-16
927,927,2023-02-14,02/16/2023,Home,Browsezoom,2024-12-16
928,928,2023-10-09,05/19/2023,Home,Devcast,2024-12-16
929,929,2023-01-19,01/14/2023,Home,Devpoint,2024-12-16
930,930,2023-08-29,05/08/2023,Auto,Realmix,2024-12-16
,931,2023-09-05,01/10/2023,Auto,Snaptags,2024-12-16
932,932,2023-06-14,07/20/2023,Life,Thoughtbridge,2024-12-16
,933,2023-08-19,11/18/2023,Health,Flashspan,2024-12-16
934,934,2023-10-22,05/13/2023,Home,Voomm,2024-12-16
935,935,2023-01-27,07/15/2023,Auto,Aivee,2024-12-16
936,936,2023-01-31,01/23/2023,Home,Twitterbridge,2024-12-16
937,937,2023-08-17,03/09/2023,Life,Yakijo,2024-12-16
938,938,2023-07-14,01/19/2024,Life,Yoveo,2024-12-16
939,939,2023-09-15,06/19/2023,Home,Thoughtstorm,2024-12-16
940,940,2023-09-18,12/03/2023,Auto,Skalith,2024-12-16
941,941,2023-08-14,10/21/2023,Health,Avaveo,2024-12-16
942,942,2023-12-17,11/21/2023,Life,Realcube,2024-12-16
943,943,2023-01-16,04/30/2023,Auto,Tagcat,2024-12-16
944,944,2023-07-31,02/09/2023,Auto,JumpXS,2024-12-16
945,945,2023-11-20,01/25/2024,Life,Brainverse,2024-12-16
946,946,2023-05-20,03/29/2023,Auto,Skynoodle,2024-12-16
947,947,2023-12-15,08/22/2023,Home,Edgepulse,2024-12-16
948,948,2023-09-09,01/19/2023,Home,Skaboo,2024-12-16
949,949,2023-04-01,10/31/2023,Health,Kazu,2024-12-16
950,950,2023-05-04,07/19/2023,Life,Meembee,2024-12-16
951,951,2023-03-14,05/01/2023,Home,Jamia,2024-12-16
952,952,2023-05-14,10/16/2023,Home,Npath,2024-12-16
953,953,2024-01-05,11/12/2023,Life,Jabbercube,2024-12-16
,954,2023-09-21,12/01/2023,Home,Gevee,2024-12-16
955,955,2023-09-12,11/30/2023,Life,Rooxo,2024-12-16
956,956,2023-02-08,06/24/2023,Home,Camimbo,2024-12-16
,957,2023-09-15,01/24/2023,Home,Abatz,2024-12-16
958,958,2023-03-20,11/29/2023,Life,Voonte,2024-12-16
959,959,2023-12-09,10/09/2023,Auto,Thoughtbridge,2024-12-16
960,960,2023-01-04,07/02/2023,Home,Eayo,2024-12-16
961,961,2023-01-16,04/11/2023,Life,Linklinks,2024-12-16
962,962,2023-06-12,02/14/2023,Health,Yakidoo,2024-12-16
963,963,2023-06-11,07/03/2023,Life,Jabberbean,2024-12-16
964,964,2023-05-18,05/11/2023,Health,Aimbu,2024-12-16
965,965,2023-12-09,06/27/2023,Health,Voolia,2024-12-16
966,966,2023-09-09,10/19/2023,Life,Skajo,2024-12-16
967,967,2023-01-10,09/09/2023,Life,Oyope,2024-12-16
968,968,2023-03-10,12/25/2023,Life,Abata,2024-12-16
969,969,2023-08-26,09/07/2023,Life,Devcast,2024-12-16
,970,2023-07-22,12/20/2023,Home,Shuffledrive,2024-12-16
971,971,2023-12-31,10/24/2023,Health,Browsebug,2024-12-16
972,972,2023-04-04,11/24/2023,Auto,Feedspan,2024-12-16
973,973,2023-03-31,01/17/2023,Auto,Skippad,2024-12-16
974,974,2023-08-01,07/30/2023,Auto,Realblab,2024-12-16
975,975,2023-01-26,06/12/2023,Auto,Gigabox,2024-12-16
976,976,2023-06-25,11/30/2023,Life,Skynoodle,2024-12-16
977,977,2023-03-14,01/15/2023,Home,Zooxo,2024-12-16
978,978,2023-05-12,01/28/2024,Life,Katz,2024-12-16
979,979,2023-10-21,11/14/2023,Life,Lazzy,2024-12-16
980,980,2023-08-20,10/15/2023,Home,Rhycero,2024-12-16
981,981,2023-01-07,01/17/2023,Health,Kazu,2024-12-16
982,982,2023-03-24,03/27/2023,Life,Flashspan,2024-12-16
983,983,2023-08-19,01/04/2023,Auto,Quimm,2024-12-16
984,984,2023-05-04,11/22/2023,Life,Kayveo,2024-12-16
985,985,2023-07-05,08/07/2023,Home,Youopia,2024-12-16
986,986,2023-08-11,01/12/2023,Home,Mydeo,2024-12-16
987,987,2023-04-18,05/25/2023,Health,Edgepulse,2024-12-16
988,988,2023-01-04,02/17/2023,Health,Wikizz,2024-12-16
989,989,2023-06-10,11/15/2023,Auto,Meevee,2024-12-16
990,990,2023-08-28,01/21/2024,Auto,Topdrive,2024-12-16
991,991,2023-08-22,06/15/2023,Life,Jaxspan,2024-12-16
992,992,2023-03-25,05/28/2023,Life,Agivu,2024-12-16
993,993,2023-10-23,01/27/2024,Auto,Rhynoodle,2024-12-16
994,994,2024-01-01,04/30/2023,Health,Jabbersphere,2024-12-16
995,995,2023-08-30,04/11/2023,Life,Photospace,2024-12-16
996,996,2023-08-08,11/13/2023,Home,Mymm,2024-12-16
997,997,2023-12-04,05/09/2023,Auto,Oyondu,2024-12-16
998,998,2024-01-26,11/04/2023,Health,Vinte,2024-12-16
,999,2023-08-01,11/14/2023,Health,Tekfly,2024-12-16
1000,1000,2023-03-07,08/27/2023,Auto,Tavu,2024-12-16
