policy_number,premium_amount,deductible_amount,coverage_limit,fecha_cargue
1,7506.95,263.51,851969.14,2024-12-16
2,1856.49,4149.44,138025.78,2024-12-16
3,9799.03,598.63,219401.29,2024-12-16
4,290.53,4602.64,669242.87,2024-12-16
5,307.87,1618.01,647041.09,2024-12-16
6,3323.69,386.54,678269.57,2024-12-16
7,2219.36,768.23,688984.88,2024-12-16
8,5812.43,2897.11,370716.15,2024-12-16
9,6896.94,3889.86,600853.68,2024-12-16
10,1847.79,4016.48,765965.29,2024-12-16
11,970.95,2483.72,137491.98,2024-12-16
12,7353.22,1938.79,782145.25,2024-12-16
13,1171.27,3980.11,116939.59,2024-12-16
14,5647.29,3549.8,,2024-12-16
15,1284.9,4839.81,134987.34,2024-12-16
16,5723.05,958.81,783736.42,2024-12-16
17,8499.87,2598.02,876901.24,2024-12-16
18,5730.72,2178.12,161978.29,2024-12-16
19,944.16,2074.58,730513.39,2024-12-16
20,9582.54,864.58,76906.17,2024-12-16
21,197.56,2026.38,435389.15,2024-12-16
22,4787.42,2187.26,141340.04,2024-12-16
23,1701.26,2325.78,590052.34,2024-12-16
24,190.08,4159.41,616687.7,2024-12-16
25,7679,1660.66,501030.31,2024-12-16
26,8913.34,2550.09,,2024-12-16
27,7603.32,1438.89,460197.77,2024-12-16
28,8042.9,1196.37,505281.11,2024-12-16
29,4671.77,3771.09,418268.84,2024-12-16
30,4765.36,583.13,159859.15,2024-12-16
31,1590.25,3008.08,174084.16,2024-12-16
32,3908.23,2683.01,50229.78,2024-12-16
33,4146.86,4751.57,747546.81,2024-12-16
34,1047.64,122.38,603932.87,2024-12-16
35,1448.35,4062.04,419553.88,2024-12-16
36,6056.73,824.21,260264.37,2024-12-16
37,9436.22,1862.61,439284.02,2024-12-16
38,3033.38,740.08,157158.71,2024-12-16
39,861.69,4577.77,955974.99,2024-12-16
40,6667.26,495.35,819607.61,2024-12-16
41,5132.97,1656.13,,2024-12-16
42,2398.57,4218.59,927589.41,2024-12-16
43,5534.62,2077.13,,2024-12-16
44,6572.44,2873.02,225563.84,2024-12-16
45,6275.86,2222.29,998883.85,2024-12-16
46,9448.5,3274.35,638584.15,2024-12-16
47,805.8,4356.6,574240.6,2024-12-16
48,2163.3,4683.49,138853.54,2024-12-16
49,1337.07,2354.79,305071.89,2024-12-16
50,3460.06,2892.15,816677.34,2024-12-16
51,2557.23,2885.55,337178.33,2024-12-16
52,6761.43,2207.9,736751.45,2024-12-16
53,4838.82,1217.35,250175.95,2024-12-16
54,9030.09,3254.87,239845.47,2024-12-16
55,2114.68,4936.15,496280.81,2024-12-16
56,7522.18,3134.4,666997.89,2024-12-16
57,6031.14,1378.41,314827.02,2024-12-16
58,5572.89,1261.08,711192.66,2024-12-16
59,9948.97,1296.28,222233.02,2024-12-16
60,7478.15,3849.45,909241.44,2024-12-16
61,9989.21,4896.78,947764.59,2024-12-16
62,1375.12,195.93,927801.47,2024-12-16
63,4020.18,619.33,988802.64,2024-12-16
64,7160.07,3121.1,326511.95,2024-12-16
65,6354.35,3335.73,54950.87,2024-12-16
66,886.6,917.22,622313.18,2024-12-16
67,1935.09,3941.77,,2024-12-16
68,4468.47,4045.12,648993.96,2024-12-16
69,7645.42,1096.4,154813,2024-12-16
70,7565.99,1500.45,341616.67,2024-12-16
71,1268.74,4161.35,950359.47,2024-12-16
72,5647.64,4918.48,192232.07,2024-12-16
73,2074.73,1871.52,983467.32,2024-12-16
74,1776.01,637.33,955018.85,2024-12-16
75,9787.21,896.75,884622.29,2024-12-16
76,6472.49,3610.36,885813.04,2024-12-16
77,291.19,2913.19,620054.71,2024-12-16
78,9201.5,4299.78,796268.83,2024-12-16
79,3164.84,649.69,,2024-12-16
80,236.02,3677.9,349432.96,2024-12-16
81,1360.17,1134.49,967974.08,2024-12-16
82,2213.12,2331.86,545233.58,2024-12-16
83,3040.68,1663.9,338205.8,2024-12-16
84,3683.17,2980.15,228685.77,2024-12-16
85,2698.08,2455.55,725969.26,2024-12-16
86,4349.68,4927.6,89661.94,2024-12-16
87,5711.96,1105.79,354646.48,2024-12-16
88,2192.46,4667.46,439936.83,2024-12-16
89,6529.29,1532.41,695650.52,2024-12-16
90,1417.8,3964.58,917268.15,2024-12-16
91,7204.58,1660.41,475490.12,2024-12-16
92,8008.9,1847.73,873848.12,2024-12-16
93,7681.67,3900.71,951187.09,2024-12-16
94,9288.5,2051.2,84122.4,2024-12-16
95,2659.02,866.9,,2024-12-16
96,2941.53,18.22,818394.95,2024-12-16
97,1315.53,2637.38,149333.7,2024-12-16
98,1688.07,208.43,73832.97,2024-12-16
99,2693.5,4081.38,863947.64,2024-12-16
100,3540.52,3962.75,960381.8,2024-12-16
101,8994.11,4914.54,358897.22,2024-12-16
102,9068.02,730.74,55703.23,2024-12-16
103,2794.2,167.27,28975.22,2024-12-16
104,3972.79,3818.32,654126.12,2024-12-16
105,7316.77,1246.39,,2024-12-16
106,4725.54,997.51,399705.8,2024-12-16
107,6576.76,4063.86,786923.76,2024-12-16
108,4544.36,1621.95,757271.35,2024-12-16
109,7341.68,826.29,176024.94,2024-12-16
110,9247.51,4166.76,707533.12,2024-12-16
111,4432.96,3945,512832.93,2024-12-16
112,7065.37,2007.35,23038.61,2024-12-16
113,3509.7,1400.51,521775.35,2024-12-16
114,9114.22,1898.38,899336.8,2024-12-16
115,6249.25,3239.79,553039.85,2024-12-16
116,8578.78,4037.54,608187.1,2024-12-16
117,3949.31,148.46,293063.88,2024-12-16
118,5174.96,884.17,687961.26,2024-12-16
119,4999.32,4708.57,115683.82,2024-12-16
120,130.63,1244.82,86224.32,2024-12-16
121,9406.7,1401.23,334409.88,2024-12-16
122,4568.57,4538.04,306522.37,2024-12-16
123,2749.92,3125.07,783345.26,2024-12-16
124,5557.82,2649.5,359818.21,2024-12-16
125,4953.02,833.49,514295.89,2024-12-16
126,6275.8,2184.31,270863.27,2024-12-16
127,7457.81,2564.79,66807.69,2024-12-16
128,9890.9,4878.76,230020.87,2024-12-16
129,8729.6,4542.83,277734.91,2024-12-16
130,2354.41,2811.73,394918.97,2024-12-16
131,550.29,567.53,476772.22,2024-12-16
132,4905.12,2517.34,,2024-12-16
133,737.69,1528.94,685783.48,2024-12-16
134,119.13,4370.66,154243.18,2024-12-16
135,8559.98,4943.36,596764.56,2024-12-16
136,4486.54,3283.06,220871.92,2024-12-16
137,574.65,2091.6,181874.53,2024-12-16
138,839.95,4823.61,736743.65,2024-12-16
139,8497.61,716.64,649097.39,2024-12-16
140,3901.64,3239.14,601463.9,2024-12-16
141,2241.44,2093.77,719318.42,2024-12-16
142,8739.37,1400.67,385471.4,2024-12-16
143,4816.19,458.51,496460.89,2024-12-16
144,944.53,3525.25,253832.78,2024-12-16
145,649.9,2362.35,772770.77,2024-12-16
146,9636.71,3064.79,863017.76,2024-12-16
147,5897.06,2757.59,33687.61,2024-12-16
148,6362.08,446.75,344998.28,2024-12-16
149,2554.94,2143.08,767672.85,2024-12-16
150,4088.48,1603.46,926912.77,2024-12-16
151,4705.08,2699.93,820569.75,2024-12-16
152,4420.59,1621.62,311329.88,2024-12-16
153,7108.91,1485.1,616901.7,2024-12-16
154,7492,2419.93,803635.28,2024-12-16
155,6456.68,510.76,621875.04,2024-12-16
156,8214.56,2754.73,470855.57,2024-12-16
157,2549.35,3236.76,719702.94,2024-12-16
158,317.55,1801.46,711290.06,2024-12-16
159,2963.19,2300.61,836503.18,2024-12-16
160,4379.33,614.14,350996.42,2024-12-16
161,2310.96,4172.34,169519.8,2024-12-16
162,8760.94,4096.99,413883.92,2024-12-16
163,1815.07,1359.83,845108.61,2024-12-16
164,9612.98,3788.02,755949.07,2024-12-16
165,8129.07,1311.46,954003.56,2024-12-16
166,4264.73,4015.75,520278.63,2024-12-16
167,138.86,2981.18,,2024-12-16
168,1602.56,3790.67,960889.89,2024-12-16
169,6052.41,1414.08,136598.12,2024-12-16
170,2464.97,836.19,377401.27,2024-12-16
171,2748.31,338.88,353423.11,2024-12-16
172,3587.22,1654.3,16297.9,2024-12-16
173,9001.09,806.98,996688.22,2024-12-16
174,510,4539.35,781995.61,2024-12-16
175,6836.2,3889.49,187760.56,2024-12-16
176,1875.32,2131.66,538969.77,2024-12-16
177,9426.05,1419.15,542158.52,2024-12-16
178,7707.94,1303.68,639855.01,2024-12-16
179,2046.89,3112.91,493048.89,2024-12-16
180,800.63,48.78,410054.61,2024-12-16
181,4100.28,1334.7,145751.64,2024-12-16
182,4748.41,1404.67,222009.02,2024-12-16
183,6432.87,4355.6,319890.98,2024-12-16
184,2745.73,4784.36,,2024-12-16
185,4580.45,1427.28,648527.52,2024-12-16
186,3036.08,4162.62,585433.91,2024-12-16
187,6177.7,3664.02,535843.53,2024-12-16
188,7779.79,1440.37,555075.47,2024-12-16
189,2460.36,1573.52,301791.18,2024-12-16
190,6550.75,2479.27,137263.28,2024-12-16
191,7155.55,458.07,433106.18,2024-12-16
192,5104.34,2455.08,148096.36,2024-12-16
193,6791.54,605.42,250534.41,2024-12-16
194,7541.67,3867.11,867388.94,2024-12-16
195,8412.37,4962.92,843447.89,2024-12-16
196,8947.35,4153.46,549868.35,2024-12-16
197,8812.44,341.87,634143.58,2024-12-16
198,9605.45,2697.24,111664.08,2024-12-16
199,3662.9,3195.65,470331.09,2024-12-16
200,1482.78,4246.59,168740.36,2024-12-16
201,7041.91,2362.38,765164.92,2024-12-16
202,9885.37,4162.83,248522.43,2024-12-16
203,5147.64,1607.95,613746.29,2024-12-16
204,3625.6,3353.78,386545.38,2024-12-16
205,8479.95,4763.1,420978.86,2024-12-16
206,7689.75,3889.18,357653.03,2024-12-16
207,5415.26,769.6,676910.79,2024-12-16
208,324.7,641.56,161872.78,2024-12-16
209,6664.68,1255.92,,2024-12-16
210,9292.89,1291,506632.15,2024-12-16
211,4609.75,2905.98,414850.34,2024-12-16
212,8018.58,3935.64,698536.6,2024-12-16
213,9572.63,1226.13,992187.02,2024-12-16
214,2675.23,1014.18,307969.24,2024-12-16
215,798.15,2540.31,752802.9,2024-12-16
216,1290.64,1870.66,319756.35,2024-12-16
217,3496.67,4443.27,971530.99,2024-12-16
218,6333.82,4236.7,477543.33,2024-12-16
219,9599.22,3997.84,126676.14,2024-12-16
220,6773.92,1606.29,674599.92,2024-12-16
221,9020.56,4656.44,764648.11,2024-12-16
222,5964.34,2271.7,11673.95,2024-12-16
223,3267.3,989.22,653574.47,2024-12-16
224,3777.04,379.98,124544.37,2024-12-16
225,2945.13,4797.44,49032.02,2024-12-16
226,7612,43.86,179146.21,2024-12-16
227,6185.84,426.16,304063.51,2024-12-16
228,5398.02,2862.97,,2024-12-16
229,5333.3,4639.55,39037.21,2024-12-16
230,8769.17,436.98,940834.93,2024-12-16
231,2602.78,4594.11,274314.27,2024-12-16
232,2914.04,1741.62,34428.22,2024-12-16
233,5846.23,3725.46,206587.69,2024-12-16
234,7527.74,138.79,236465.18,2024-12-16
235,652.04,4631.4,325739.95,2024-12-16
236,9707.75,1318.95,809956.24,2024-12-16
237,8196.34,1639.94,,2024-12-16
238,5013.32,2619.93,125346.31,2024-12-16
239,3125.5,4073.07,893406.25,2024-12-16
240,3106.38,2019.36,53795.02,2024-12-16
241,7373.73,484.63,942723.35,2024-12-16
242,2014.56,1786.34,134158.32,2024-12-16
243,5705.96,4531.83,,2024-12-16
244,3969.95,1810.74,434801.83,2024-12-16
245,533.63,2705.42,332365.74,2024-12-16
246,8794.96,439.96,,2024-12-16
247,7865.37,851.45,612745.6,2024-12-16
248,3247.8,82.71,882907.16,2024-12-16
249,7328.79,3591.38,157814.57,2024-12-16
250,3981.14,3128.29,673511.93,2024-12-16
251,4212.34,3200.36,149278.42,2024-12-16
252,2197.28,1657.92,808013.07,2024-12-16
253,6459.51,1108.75,737447.59,2024-12-16
254,3592.62,2665.34,698734.39,2024-12-16
255,5317.16,3675.18,930833.02,2024-12-16
256,8918.79,2629.82,843267.67,2024-12-16
257,3173.57,1242.49,858614.73,2024-12-16
258,3968.13,1619.17,962663.56,2024-12-16
259,5376.18,2800.5,496448.79,2024-12-16
260,6080.78,2853.83,723286.7,2024-12-16
261,4228.93,4412.59,631530.98,2024-12-16
262,7951.11,526.12,876493.79,2024-12-16
263,5408.35,4444.95,28399.3,2024-12-16
264,3281.57,4850.2,283350.26,2024-12-16
265,4181.53,1607.98,584933.85,2024-12-16
266,324.63,4436.41,776673.29,2024-12-16
267,6019.14,3100.49,189260.93,2024-12-16
268,4077.45,4350.87,646415.15,2024-12-16
269,225.47,3717.39,582100.93,2024-12-16
270,3626.35,2058.73,704724.03,2024-12-16
271,3981.64,3317.56,410994.39,2024-12-16
272,3634.1,1902.86,,2024-12-16
273,1341.86,4980.59,284801.52,2024-12-16
274,3290.6,1977.72,494487.41,2024-12-16
275,815.99,869.15,293317.09,2024-12-16
276,9150.78,3323.13,895561.91,2024-12-16
277,8792.36,4918.56,352011.02,2024-12-16
278,5403.85,3581.87,513971.74,2024-12-16
279,9046.9,2447.39,657552.68,2024-12-16
280,8117.18,4006.6,674186.34,2024-12-16
281,5404.6,363.72,,2024-12-16
282,7389.71,569.54,355972.94,2024-12-16
283,2921.94,1452.17,69834.14,2024-12-16
284,1208.6,2059.77,403728.81,2024-12-16
285,5171.23,2137.88,348344.02,2024-12-16
286,379.67,2454.44,69740.15,2024-12-16
287,5828.01,202.46,113525.53,2024-12-16
288,3561.61,3922.53,342454.88,2024-12-16
289,4504.63,3106.33,373080.74,2024-12-16
290,5355.76,1181.95,574754.17,2024-12-16
291,3519.11,494.56,429629.94,2024-12-16
292,1608.46,3763.59,923891.93,2024-12-16
293,2251.36,638.48,351587.59,2024-12-16
294,9542.27,3525.25,,2024-12-16
295,3760.07,786.11,188320.2,2024-12-16
296,601.79,723.5,795147.86,2024-12-16
297,1893.46,606.72,931870.15,2024-12-16
298,8284.56,1961.74,346978.66,2024-12-16
299,505.81,3860.96,559999.88,2024-12-16
300,642.54,137.23,371710.72,2024-12-16
301,569.87,3441.5,408899.39,2024-12-16
302,8007.59,3885.22,86834.52,2024-12-16
303,461.43,3486.18,109555.72,2024-12-16
304,1923.33,71.19,726451.23,2024-12-16
305,1022.35,3335.21,428300.55,2024-12-16
306,657.76,4342.18,75755.79,2024-12-16
307,4899.78,2053.31,692511.32,2024-12-16
308,9583.28,209.35,810503.37,2024-12-16
309,7862.54,1332.44,229399.74,2024-12-16
310,1719.8,3970.32,220128.23,2024-12-16
311,7493.45,2081.45,166484.27,2024-12-16
312,1534.97,2829.92,69491.43,2024-12-16
313,3479.57,158.31,251728.05,2024-12-16
314,5418.82,3282.45,331057.25,2024-12-16
315,8110.24,2098.77,799258.93,2024-12-16
316,2455.71,417.74,534859.15,2024-12-16
317,4708.21,3134.5,97801.07,2024-12-16
318,9456.26,2201.41,,2024-12-16
319,4171.37,147.5,472732.28,2024-12-16
320,607.04,2513.13,556572.17,2024-12-16
321,4694.02,3674.45,586104.86,2024-12-16
322,5125.56,2266.38,953789.14,2024-12-16
323,9432.41,2038.68,,2024-12-16
324,9964.73,944.43,542195.41,2024-12-16
325,6460.53,3800.82,88357.89,2024-12-16
326,8478.8,4633.27,280809.87,2024-12-16
327,7465.73,1892.42,767310.76,2024-12-16
328,1805.91,4073.58,63399.76,2024-12-16
329,9220.51,2732.08,440322.41,2024-12-16
330,1350.15,3624.08,618340,2024-12-16
331,641.97,955.2,948070.07,2024-12-16
332,1297.06,2029.86,946854.02,2024-12-16
333,724.03,3643.39,242486.75,2024-12-16
334,8497.96,4919.41,694130.04,2024-12-16
335,4744.69,1125.81,908511.11,2024-12-16
336,3115.76,3116.82,815044.45,2024-12-16
337,9741.43,771.73,380225.36,2024-12-16
338,4791.74,4530.86,73544.43,2024-12-16
339,5088.02,524.36,,2024-12-16
340,899.89,1765.45,541713.92,2024-12-16
341,7121.75,1123.78,777220.58,2024-12-16
342,1900.93,1963.14,415335.5,2024-12-16
343,1367.44,3523.59,784800.87,2024-12-16
344,2295.14,3915.89,255764.65,2024-12-16
345,3528.39,3177.21,184195.29,2024-12-16
346,5329.1,3060.26,927084.01,2024-12-16
347,6799.18,3960.54,,2024-12-16
348,5795.9,3923.1,701170.67,2024-12-16
349,5700.5,280.28,777063.71,2024-12-16
350,7930.29,3557.46,110191.83,2024-12-16
351,209.76,1822.09,15864.57,2024-12-16
352,9223.95,3671.97,568642.4,2024-12-16
353,1115.52,1131.63,761265.45,2024-12-16
354,2476.3,374.32,470182.04,2024-12-16
355,5931.76,2000.59,50911.07,2024-12-16
356,3060.51,2471.43,360743.7,2024-12-16
357,8310.91,1066.83,637935.69,2024-12-16
358,3564.21,1253.56,625418.76,2024-12-16
359,7596.69,3122.66,87134,2024-12-16
360,3067.21,445.93,654442.68,2024-12-16
361,9692.1,89.41,212550.58,2024-12-16
362,4514.79,3104.88,368305.87,2024-12-16
363,5305.97,2201.11,672918.77,2024-12-16
364,8974.17,97.05,220149.6,2024-12-16
365,6676.78,4666.99,83920.5,2024-12-16
366,4461.96,1545.73,688817.41,2024-12-16
367,2197.8,1497.02,,2024-12-16
368,6261.36,2404.9,347537.61,2024-12-16
369,6485.94,3322.18,963320.27,2024-12-16
370,1385.8,1984.58,835104.62,2024-12-16
371,8567.63,4540.2,,2024-12-16
372,1205.89,1410.16,934221.62,2024-12-16
373,3489.83,3867.8,790421.51,2024-12-16
374,3595.81,1588.14,557422.56,2024-12-16
375,2560.67,4200.49,259454.13,2024-12-16
376,5691.89,1727.18,363996.76,2024-12-16
377,4990.25,3330.9,417458.57,2024-12-16
378,397.92,2892.92,411269.06,2024-12-16
379,5466.3,4505.93,337316.19,2024-12-16
380,3722.06,4503.19,743187.44,2024-12-16
381,820.56,3171.92,721230.63,2024-12-16
382,4371.39,2919.28,89498.32,2024-12-16
383,6391.73,4265.31,222148.41,2024-12-16
384,4845.81,205.87,,2024-12-16
385,8552.1,3839.56,45584.62,2024-12-16
386,6793.84,3038.68,356430.15,2024-12-16
387,6918.6,742.83,859186.86,2024-12-16
388,6948.47,2680.31,855560.29,2024-12-16
389,5256.4,3771.08,417117.32,2024-12-16
390,1529.21,2801.84,36148.82,2024-12-16
391,8242.32,1782.49,107686.29,2024-12-16
392,5252.96,3911.68,700290.29,2024-12-16
393,443.26,1450.53,,2024-12-16
394,2733.18,534.54,766602.01,2024-12-16
395,1759.42,2668.45,510257.58,2024-12-16
396,7858.36,2980.05,734309.94,2024-12-16
397,1274.31,2809.43,,2024-12-16
398,5639.62,709.89,97590.66,2024-12-16
399,837.56,668.86,852812.56,2024-12-16
400,6428.96,3874.51,28156.9,2024-12-16
401,1520.67,1762.38,783550.92,2024-12-16
402,2455.4,2431.24,391581.71,2024-12-16
403,5201,1923.6,15960.14,2024-12-16
404,4578.08,1500.93,548702.97,2024-12-16
405,8211.66,2447.22,257069.01,2024-12-16
406,6817,1892.21,543790.9,2024-12-16
407,9285.54,4400.53,498254.37,2024-12-16
408,4886.62,2762.08,294855.31,2024-12-16
409,6128.96,3270.02,421562.43,2024-12-16
410,3906.8,1595.05,113146.62,2024-12-16
411,3107.33,4425.98,995764.19,2024-12-16
412,684.32,4800.77,556950.09,2024-12-16
413,2263.28,492.81,199969.99,2024-12-16
414,9208.52,3454.44,303279.61,2024-12-16
415,9622.77,4117.94,820120.8,2024-12-16
416,4404.23,575.65,866528.98,2024-12-16
417,6560.8,3360.23,349379.28,2024-12-16
418,3409.62,1197.17,741244.22,2024-12-16
419,9697.05,4919.76,640686.35,2024-12-16
420,4907.62,2297.27,816656.8,2024-12-16
421,8004.94,4352.49,493297.22,2024-12-16
422,9490.89,4201.63,,2024-12-16
423,5634.27,2151.2,924404.78,2024-12-16
424,2242.09,3534.24,935712.7,2024-12-16
425,6865.64,4609.21,652228.86,2024-12-16
426,3703.24,837.43,440079.23,2024-12-16
427,7215.32,4936.87,370090.71,2024-12-16
428,4654.49,554.67,458033.68,2024-12-16
429,7270.31,2844.81,,2024-12-16
430,5244.58,2415.19,390377.57,2024-12-16
431,7365.16,3232.29,474400.97,2024-12-16
432,4736.73,750.51,43174.31,2024-12-16
433,6659.51,1306.39,500095.63,2024-12-16
434,6409.87,3273.13,651756.47,2024-12-16
435,899.29,2449.5,405595.5,2024-12-16
436,5284.96,3482.51,851175.35,2024-12-16
437,571.81,623.81,118879.19,2024-12-16
438,3257.88,3350.98,48983.81,2024-12-16
439,5845.08,216.1,514864.19,2024-12-16
440,3671.21,689.62,998657.46,2024-12-16
441,1673.85,4717.72,445797.23,2024-12-16
442,8457.12,4463.84,917549.01,2024-12-16
443,5138.84,2468.18,610821.53,2024-12-16
444,3266.31,2200.49,122062.42,2024-12-16
445,2230.35,1798.84,902023.33,2024-12-16
446,7626.35,3890.37,138294.54,2024-12-16
447,6889.52,4618.05,327968.22,2024-12-16
448,4121.89,2628.63,692704.93,2024-12-16
449,864.66,1959.86,687079.58,2024-12-16
450,2585.4,3628.81,780357.9,2024-12-16
451,261.35,3755.74,938257.5,2024-12-16
452,7207.91,1046.91,236203.48,2024-12-16
453,4015.25,2241.71,302905.17,2024-12-16
454,4934.37,4370.94,,2024-12-16
455,7959.95,1749.12,347394.5,2024-12-16
456,156.03,4709.32,103347.03,2024-12-16
457,1078.21,2371.66,147206.54,2024-12-16
458,8670.39,1749.52,775311.62,2024-12-16
459,2560.51,3794.52,144820.57,2024-12-16
460,6344.41,2157.88,900202.58,2024-12-16
461,4331.44,2619.22,787030.09,2024-12-16
462,7632.57,4216.82,396045.48,2024-12-16
463,5163.16,3375.05,809503.58,2024-12-16
464,2377.84,3892.7,540272.28,2024-12-16
465,6192.63,2916.89,661762.46,2024-12-16
466,4746.3,4040.62,153343.92,2024-12-16
467,5144.75,4838.45,865978.65,2024-12-16
468,414.6,231.85,588287.26,2024-12-16
469,7156.19,4333.28,449348.86,2024-12-16
470,8356.71,988.94,396573.94,2024-12-16
471,9620.06,68.84,,2024-12-16
472,1525.59,676.97,521272.29,2024-12-16
473,3309.19,4574.97,504084.57,2024-12-16
474,7305.72,4908.61,963084.44,2024-12-16
475,5549.14,1502.03,651225.86,2024-12-16
476,5396.75,347.21,727436.81,2024-12-16
477,461.11,1368.87,885546.75,2024-12-16
478,2371.66,4284.99,216163.32,2024-12-16
479,1754.57,376.52,820195.13,2024-12-16
480,1485.35,4093.78,269190.12,2024-12-16
481,9980.46,3588.51,668802.08,2024-12-16
482,5221.71,1218.31,503083.53,2024-12-16
483,665.08,537.37,609449.66,2024-12-16
484,2628.65,1132.28,937022.88,2024-12-16
485,4686.39,794.82,953310.61,2024-12-16
486,8189.23,927.7,,2024-12-16
487,6764.19,2457.06,884679.43,2024-12-16
488,4478.83,3726.28,212261.79,2024-12-16
489,6920.66,3961.7,212479.48,2024-12-16
490,6880.28,807.68,768391.15,2024-12-16
491,1429.71,2738.61,405231.97,2024-12-16
492,447.52,1584.88,997158.84,2024-12-16
493,7094.71,3648.12,838712.49,2024-12-16
494,7406.53,1897.69,309201.56,2024-12-16
495,4860.51,2614.57,758970.85,2024-12-16
496,5219.91,2577.25,161236.4,2024-12-16
497,243.37,4461.75,607595.84,2024-12-16
498,9861.32,284.18,290082.19,2024-12-16
499,700.19,447.29,177798.69,2024-12-16
500,7068.21,2067.62,313310.94,2024-12-16
501,8173.93,46.38,579965.51,2024-12-16
502,2136.44,3131.95,,2024-12-16
503,1644.35,2660.88,86689.87,2024-12-16
504,4392.71,4618.66,857752.67,2024-12-16
505,2132.87,3661.65,,2024-12-16
506,5172.1,4124.2,367506.26,2024-12-16
507,3201.34,482.53,244978.72,2024-12-16
508,2346.49,1031.55,296323.68,2024-12-16
509,2922.93,4953.05,435521.93,2024-12-16
510,1347.61,3558.21,247852.68,2024-12-16
511,6532.91,3321.17,497961.46,2024-12-16
512,1324.26,4095.62,367118.56,2024-12-16
513,2580.92,3371.07,976262.25,2024-12-16
514,8780.31,2951.04,649914.95,2024-12-16
515,8388.29,4252.99,995492.02,2024-12-16
516,7046.72,489.91,245427.25,2024-12-16
517,5490.82,2255.27,141464.56,2024-12-16
518,8102.71,3755.54,788882.48,2024-12-16
519,6897.47,745.04,516204.14,2024-12-16
520,3272.28,3423.68,411210.68,2024-12-16
521,6017.02,881.18,412472.16,2024-12-16
522,2219.05,229.23,508211.2,2024-12-16
523,5570.78,4657.23,517912.47,2024-12-16
524,6287.96,161.89,,2024-12-16
525,8081.12,146.06,74878.78,2024-12-16
526,5279.2,374.05,90735.16,2024-12-16
527,5096.61,2059.49,162895.78,2024-12-16
528,8955.8,2840.27,869817.3,2024-12-16
529,8026.54,336.43,315315.41,2024-12-16
530,3933.94,940.03,402579.62,2024-12-16
531,4055.36,3767.41,480004.03,2024-12-16
532,2728.57,2815.57,382188.07,2024-12-16
533,1484.06,2885.32,377748.2,2024-12-16
534,9747.17,4227.07,829781.2,2024-12-16
535,9244.13,3269.53,239820.98,2024-12-16
536,5328.28,1502.45,388436.48,2024-12-16
537,6160.14,2779.43,,2024-12-16
538,4251.82,2177.56,179786.05,2024-12-16
539,552.96,1784.81,890914.6,2024-12-16
540,7030.53,3051.38,334153.1,2024-12-16
541,9203.37,4961.42,344628.79,2024-12-16
542,6451.19,1997.13,650390.35,2024-12-16
543,8030.29,4963.05,374323.5,2024-12-16
544,8624.39,1263.1,474856.88,2024-12-16
545,1582.51,1412.63,840692.01,2024-12-16
546,4804.95,2586.11,185790.74,2024-12-16
547,4336.19,4128.88,844215.85,2024-12-16
548,6906.11,2961.11,532211.28,2024-12-16
549,9373.18,4235.26,500039.93,2024-12-16
550,1651.42,1354.72,889143.63,2024-12-16
551,5164.69,624.76,548981.99,2024-12-16
552,4328.76,3764.11,36766.9,2024-12-16
553,2437.99,4883.29,319640.38,2024-12-16
554,6895.88,3049.07,594105.58,2024-12-16
555,8712.66,815.91,801024.4,2024-12-16
556,2226.36,671.37,245439.14,2024-12-16
557,2181.24,2794.79,152447.32,2024-12-16
558,6994.42,35.26,592081.58,2024-12-16
559,5085.93,962.62,636698.55,2024-12-16
560,1840.8,3958.92,16874.11,2024-12-16
561,2824.09,1254.04,,2024-12-16
562,186.82,4603.1,245368.32,2024-12-16
563,5583.57,2192.57,216707.67,2024-12-16
564,5994.89,2894.77,678834.21,2024-12-16
565,9276.12,2800.64,135356.8,2024-12-16
566,1125.36,1864.67,,2024-12-16
567,3351.56,1502.44,844398.56,2024-12-16
568,8986.6,4469.1,245939.98,2024-12-16
569,5006.06,628.9,770692.29,2024-12-16
570,5043.07,3112.61,119598.41,2024-12-16
571,1115.74,2413.97,226435.77,2024-12-16
572,9623.78,2817.66,963773.26,2024-12-16
573,3275.9,4340.36,861349.14,2024-12-16
574,9931.44,3999.9,856999.72,2024-12-16
575,9456.43,435.81,,2024-12-16
576,9891.05,2524.23,708799.28,2024-12-16
577,6265.17,3757.67,27088.66,2024-12-16
578,3196.95,3332.37,,2024-12-16
579,5299.03,414.28,236627.59,2024-12-16
580,8239.89,4639.02,817566.72,2024-12-16
581,1593.88,3454.29,685707.33,2024-12-16
582,7791.73,4351.78,386168.39,2024-12-16
583,3678.93,1780.79,423792.23,2024-12-16
584,314.7,959.86,85427.34,2024-12-16
585,4113.98,4569.62,446427.62,2024-12-16
586,3830.82,1337.51,263175.24,2024-12-16
587,5108.47,3861.54,428520.08,2024-12-16
588,9663.32,3586.82,632581.04,2024-12-16
589,4090.44,4764.23,310858.09,2024-12-16
590,6970.98,4916.77,47114.74,2024-12-16
591,620.48,4660.57,461973.02,2024-12-16
592,6457.87,4906.95,669091.31,2024-12-16
593,4463.64,2375.34,601754.46,2024-12-16
594,7692.57,3649.87,570986.89,2024-12-16
595,1355.61,4671.63,461957.24,2024-12-16
596,7762.83,239.39,931533.02,2024-12-16
597,3525.71,2148.05,663896.57,2024-12-16
598,3000.03,3017.04,198737.66,2024-12-16
599,9768.8,1207.75,505334.13,2024-12-16
600,9641.6,4135.55,242783.12,2024-12-16
601,434.7,3282.65,758542.32,2024-12-16
602,9720.38,203.65,732875.86,2024-12-16
603,7665.9,3517.82,841485.14,2024-12-16
604,7737.88,3816.88,493653.96,2024-12-16
605,8418.5,2925.25,659082.88,2024-12-16
606,2790.15,77.63,518984.55,2024-12-16
607,9951.99,3805.82,961588.48,2024-12-16
608,540.33,2298.62,22758.25,2024-12-16
609,5975.42,2545.54,29958.34,2024-12-16
610,7955.8,3867.47,824017.14,2024-12-16
611,7764.69,1959.9,864538.85,2024-12-16
612,1299.2,3928.74,501434.19,2024-12-16
613,7412.47,4013.02,996771.39,2024-12-16
614,7905.83,3155.43,399565.83,2024-12-16
615,5243.41,974.4,337664.38,2024-12-16
616,6122.48,3182.92,967987.21,2024-12-16
617,9168.2,1308.22,564242.2,2024-12-16
618,8717.22,4034.45,358951.21,2024-12-16
619,4477.81,1288.18,53381.99,2024-12-16
620,8999.31,478.08,177736.21,2024-12-16
621,4399.06,4005.96,754272.26,2024-12-16
622,9621,3404.99,493361.3,2024-12-16
623,3790.11,3006.53,13086.94,2024-12-16
624,8586.45,1529.48,586104.58,2024-12-16
625,5327.27,1764.05,364020.84,2024-12-16
626,7817.92,2558.34,768016.59,2024-12-16
627,5723.39,968.55,289910.28,2024-12-16
628,9025.44,4598.28,794636.02,2024-12-16
629,862.67,4601.22,807993.3,2024-12-16
630,9982.12,3268.24,957014.82,2024-12-16
631,6846.55,402.89,155434.55,2024-12-16
632,5539.28,172.03,923059.77,2024-12-16
633,1274.7,1303.74,293014.87,2024-12-16
634,9486.16,1534.89,827057.8,2024-12-16
635,5365.52,3924.98,934313.29,2024-12-16
636,8947.23,823.17,79257.59,2024-12-16
637,3519.84,1681.92,46118.91,2024-12-16
638,9059.73,3611.15,790208.1,2024-12-16
639,3253.28,2620.5,75001.68,2024-12-16
640,876.59,1765.93,93905.22,2024-12-16
641,8530.65,2160.13,873547.48,2024-12-16
642,1845.1,3836.15,598759.95,2024-12-16
643,3403.05,4146.59,667064.96,2024-12-16
644,4253.13,4841.02,605361.63,2024-12-16
645,7942.14,586.62,290013.13,2024-12-16
646,4907.39,3083.73,369965.1,2024-12-16
647,173.86,78.62,975052.81,2024-12-16
648,860.43,419.91,419117.16,2024-12-16
649,7061.53,3180.04,325091.17,2024-12-16
650,2319.36,3238.06,209287.74,2024-12-16
651,2057.31,4380.22,377474.65,2024-12-16
652,2898.48,1194.79,84423.02,2024-12-16
653,4945.56,4043.37,866177.15,2024-12-16
654,5273.25,2407.44,261517.45,2024-12-16
655,4146.87,2380.3,606368.56,2024-12-16
656,3032.63,4888.26,209449.65,2024-12-16
657,8314.07,857.58,399113.89,2024-12-16
658,7993.16,1490.41,305218.86,2024-12-16
659,3106.33,4710.08,831742.11,2024-12-16
660,6725.25,1610.52,967236.11,2024-12-16
661,4683.19,2576.62,382768.56,2024-12-16
662,1381.53,439.66,803405.21,2024-12-16
663,3876.7,151.96,920141.22,2024-12-16
664,2785.86,1197.04,834182.44,2024-12-16
665,9184.83,1149.02,832851.05,2024-12-16
666,3675.56,881.61,530413.24,2024-12-16
667,7719.68,140.6,415667.16,2024-12-16
668,7559.46,3692.03,428397.36,2024-12-16
669,1717.65,4384,880152.91,2024-12-16
670,8258.1,4878.22,72327.77,2024-12-16
671,3363.44,2140.86,148251.68,2024-12-16
672,621.82,3002.54,384000.63,2024-12-16
673,9870.98,4574.89,176694.86,2024-12-16
674,1552,1480.62,873287.89,2024-12-16
675,1452.26,4910.33,670821.46,2024-12-16
676,5429.76,3818.9,815100.1,2024-12-16
677,5194.9,4326.98,994158.85,2024-12-16
678,9232.56,4277.34,257777.13,2024-12-16
679,4323.86,4700.29,270507.36,2024-12-16
680,8944.11,2570.47,140168.28,2024-12-16
681,840.23,1485.13,283407.77,2024-12-16
682,5921.15,1792.22,585589.96,2024-12-16
683,799.08,3101.63,68561.72,2024-12-16
684,7469.75,3633.15,980965.18,2024-12-16
685,2920.23,446.09,822032.36,2024-12-16
686,6520.84,1169.33,72673.24,2024-12-16
687,5027.34,4123.53,225899.11,2024-12-16
688,2200.39,3991.43,,2024-12-16
689,1895.27,2881.38,423743.78,2024-12-16
690,7480.98,1982.89,697084.51,2024-12-16
691,4478.04,472.38,297559.68,2024-12-16
692,1542.97,1141.06,808524.73,2024-12-16
693,8302.82,473.14,406862.95,2024-12-16
694,7770.46,4346.9,546352.48,2024-12-16
695,1962.38,3733.76,430535.7,2024-12-16
696,1367.55,2899.23,265595.13,2024-12-16
697,7519.28,1920.88,329950.05,2024-12-16
698,935.26,459.48,892478.2,2024-12-16
699,3720.65,2673.81,822467.04,2024-12-16
700,5239.95,4304.14,833190.38,2024-12-16
701,5122.44,2433.14,860193.45,2024-12-16
702,8629.95,3219.31,707160.35,2024-12-16
703,6395.56,4875.25,423633.74,2024-12-16
704,8487.81,1823.32,,2024-12-16
705,8356.69,3210.01,440056.95,2024-12-16
706,1650.67,3519.07,378240.87,2024-12-16
707,6407.59,2211.55,14017.24,2024-12-16
708,9191.42,1050.21,439186.09,2024-12-16
709,8868.04,414.11,506240.72,2024-12-16
710,4665.64,1902.89,733894.8,2024-12-16
711,705.9,3865.78,369895.91,2024-12-16
712,4665.15,1846.75,59904.57,2024-12-16
713,5495.36,4936.69,,2024-12-16
714,6880.8,4802.2,282358.58,2024-12-16
715,3850.69,4417.4,346814.63,2024-12-16
716,5548.53,4126.81,798809.11,2024-12-16
717,3519.95,3862.26,211254.94,2024-12-16
718,1448.96,414.82,970994.26,2024-12-16
719,1128.29,1442.8,130607.14,2024-12-16
720,210.02,2005.73,203606.4,2024-12-16
721,1900.74,1103.84,,2024-12-16
722,1593.78,1574.68,770130.43,2024-12-16
723,9507.55,2601.11,380038.07,2024-12-16
724,5895.27,3075.67,,2024-12-16
725,7979.73,3581.36,432704.59,2024-12-16
726,6429.73,2791.44,664993.05,2024-12-16
727,7878.3,1125.1,668392.08,2024-12-16
728,4971.33,3049.34,295381.56,2024-12-16
729,5913.59,1469.62,114246.73,2024-12-16
730,6282.7,1443.39,867033.61,2024-12-16
731,5036.55,1652.46,755993.1,2024-12-16
732,4000.82,3244.29,766071.33,2024-12-16
733,1768.09,1468.72,861011.68,2024-12-16
734,3720.81,1730.26,779690.19,2024-12-16
735,2275.86,5.89,99745.07,2024-12-16
736,5912.99,3201.01,255539.89,2024-12-16
737,1338.13,4178.14,539027.8,2024-12-16
738,4677.19,4917.32,829786.31,2024-12-16
739,3332.35,4311.54,805103.17,2024-12-16
740,7517.52,877.11,428601.97,2024-12-16
741,3727.36,945.24,941366.82,2024-12-16
742,2670.7,748.11,983584.26,2024-12-16
743,9376.92,1975.3,928400.72,2024-12-16
744,2840.01,3032.84,686462.37,2024-12-16
745,6453.24,243.43,105939.09,2024-12-16
746,9489.22,3476.6,722007.38,2024-12-16
747,1820.98,4328.3,277998.32,2024-12-16
748,9388.9,4471.44,838095.66,2024-12-16
749,1149.71,732.45,23285.21,2024-12-16
750,4165.51,2466.24,37572.85,2024-12-16
751,6711.9,2224.08,91623.1,2024-12-16
752,173.36,332.06,234820.99,2024-12-16
753,8583.33,424.03,429135.56,2024-12-16
754,6897.97,3698.77,73732.87,2024-12-16
755,6513.58,1656.9,665491.7,2024-12-16
756,1170.6,2577.26,439022.74,2024-12-16
757,351.53,3650.67,152434.05,2024-12-16
758,3391.32,2495.72,942369.46,2024-12-16
759,6819.92,2774.21,885324.22,2024-12-16
760,904.67,4123.73,786653,2024-12-16
761,7124.69,2028.2,78152.03,2024-12-16
762,7014.7,1275.04,696009.4,2024-12-16
763,5988.45,2516.57,535551.05,2024-12-16
764,2245.32,4025.57,362616.72,2024-12-16
765,6193.23,2633.75,762131.97,2024-12-16
766,6006.28,1536.2,90276.98,2024-12-16
767,277.24,4024.41,,2024-12-16
768,9415.16,854.93,745608.26,2024-12-16
769,1112.01,2448,67879.76,2024-12-16
770,2063.54,3810.02,637468.95,2024-12-16
771,1274.13,901.26,823226.02,2024-12-16
772,5485.09,3556.54,867692.55,2024-12-16
773,7952.94,384.9,741810.31,2024-12-16
774,9695.08,662.68,729536.34,2024-12-16
775,9765.25,4708.95,123696.98,2024-12-16
776,4980.86,982.17,549887.4,2024-12-16
777,2995.85,3167.98,53426.15,2024-12-16
778,895.85,3447.01,805365.26,2024-12-16
779,257.67,791.56,751936.85,2024-12-16
780,8347.96,1028.4,278110.67,2024-12-16
781,9108.33,2547.62,518074.4,2024-12-16
782,3802.47,3042.6,775007.03,2024-12-16
783,4798.67,3336.73,731886.81,2024-12-16
784,8937.54,4818.39,74495.3,2024-12-16
785,4098.3,4888.69,912878.44,2024-12-16
786,4349.24,317.46,78578.68,2024-12-16
787,7871.32,4851.9,647246.04,2024-12-16
788,8793.04,3254.65,529452.05,2024-12-16
789,5704.41,4469.98,693570.41,2024-12-16
790,2938.37,1566.45,599633.31,2024-12-16
791,422.46,1704.97,922429.4,2024-12-16
792,4154.46,4004.71,919614.76,2024-12-16
793,3966.08,2972.83,,2024-12-16
794,2226.23,3499.7,,2024-12-16
795,6251.47,3344.17,174222.91,2024-12-16
796,518.98,133.18,321105.79,2024-12-16
797,4125.82,3727.61,63871.77,2024-12-16
798,4803.77,3768.61,639713.69,2024-12-16
799,2956.19,2553.61,524676.31,2024-12-16
800,8465.38,446.03,26914.17,2024-12-16
801,8231.03,1622.79,274020.38,2024-12-16
802,827.66,4270.77,236060.36,2024-12-16
803,3575.48,4628.09,792998.67,2024-12-16
804,7094.66,3547.15,285251.46,2024-12-16
805,4329.71,2223.15,555823.25,2024-12-16
806,3149.46,1493.84,850240.67,2024-12-16
807,8500.66,3312.35,958043.68,2024-12-16
808,9672.94,510.52,583270.37,2024-12-16
809,8142.58,70,177524.23,2024-12-16
810,2034.14,1540.71,27207.31,2024-12-16
811,6866.09,2568.12,198993.16,2024-12-16
812,6484.83,1069.36,111134.29,2024-12-16
813,5561.66,381.96,785165.74,2024-12-16
814,3574.48,1177.96,480468.42,2024-12-16
815,6022.7,4752.48,304776.2,2024-12-16
816,293.09,1309.72,518638.13,2024-12-16
817,7111.25,2073.67,927602.26,2024-12-16
818,7003.33,303.85,807624.43,2024-12-16
819,6231.51,301.82,162883.33,2024-12-16
820,132.41,2150.38,713062.96,2024-12-16
821,9649.5,957.63,617182.37,2024-12-16
822,4554.16,883.87,565250.04,2024-12-16
823,1225.41,4655.31,42379.15,2024-12-16
824,8911.46,4488.14,218745.4,2024-12-16
825,6259.37,2237.08,101431.96,2024-12-16
826,6484.37,3422.56,914604.19,2024-12-16
827,1898.33,981.61,818711.1,2024-12-16
828,9683.48,2128.24,223297.29,2024-12-16
829,5473.59,1123.6,679471.37,2024-12-16
830,4918.82,3559.23,404207.43,2024-12-16
831,2987.1,737.73,757099.85,2024-12-16
832,5301.43,663.09,904622.93,2024-12-16
833,198.96,4542.02,336375.38,2024-12-16
834,5199.53,213.17,59826.12,2024-12-16
835,8894.84,1504.94,185915.63,2024-12-16
836,3849.72,3064.2,476835.28,2024-12-16
837,6225.73,4625.6,937277.01,2024-12-16
838,2700.47,3854.68,606953.1,2024-12-16
839,635.73,2499.85,28730.41,2024-12-16
840,8285.38,4244.72,423475.24,2024-12-16
841,8231.83,3715.43,683510.94,2024-12-16
842,2574.86,2043.7,622049.43,2024-12-16
843,5754.76,1849.04,154092.37,2024-12-16
844,8255.59,2471.82,636785.77,2024-12-16
845,4064.92,3400.26,449751.14,2024-12-16
846,8086.99,3150.8,829813.53,2024-12-16
847,4064.64,4848.25,372262.45,2024-12-16
848,6704.13,1643.33,69945.07,2024-12-16
849,6425.52,2425.79,636683.91,2024-12-16
850,1608.11,4276.05,818613.83,2024-12-16
851,933.86,1150.19,305093.74,2024-12-16
852,4346.42,1153.44,306032.84,2024-12-16
853,8480.76,2366.68,577609.32,2024-12-16
854,3375.61,3030.77,984737.27,2024-12-16
855,1807.73,1627.02,267888.8,2024-12-16
856,2238.08,1821.36,748640.17,2024-12-16
857,8689.32,4033.31,661195.88,2024-12-16
858,9470.3,3585.54,481051.39,2024-12-16
859,9795.3,1943.41,615667.54,2024-12-16
860,2527.38,1325.54,49315.3,2024-12-16
861,7151.06,1188.44,992307.3,2024-12-16
862,2174.67,1184.04,570651.63,2024-12-16
863,9280.24,1343.52,33923.97,2024-12-16
864,622.36,3196.99,413252.05,2024-12-16
865,8935.47,4005.67,647957.17,2024-12-16
866,1463.24,1747.2,736657.45,2024-12-16
867,8714.88,1225.5,653061.59,2024-12-16
868,6211.74,3422.37,541148.2,2024-12-16
869,8081.49,209.22,681006.11,2024-12-16
870,8210.18,4197.97,154876.82,2024-12-16
871,9727.94,1779.91,428186.14,2024-12-16
872,1785.5,4546.09,,2024-12-16
873,4402.05,682.95,113383.25,2024-12-16
874,8374.74,4089.46,156512.18,2024-12-16
875,3886.21,1031.34,691515.88,2024-12-16
876,2605.17,4250.49,303756.82,2024-12-16
877,1564.61,2282.96,923772.27,2024-12-16
878,5774.04,1225.68,191300.71,2024-12-16
879,1823.92,3641.57,706254.91,2024-12-16
880,962.39,1503.66,543250.49,2024-12-16
881,2866.45,2027.5,40441.81,2024-12-16
882,3416.96,3213.04,887610.96,2024-12-16
883,6110.95,2768.52,511037.46,2024-12-16
884,6264.73,3396.27,982128.34,2024-12-16
885,6030.6,1910.74,761828.04,2024-12-16
886,1225.21,3362.71,767300.19,2024-12-16
887,6498.51,4623.94,205319.71,2024-12-16
888,3178.9,4595.61,660172.82,2024-12-16
889,7993.51,1878.73,192176.05,2024-12-16
890,2745.57,3209.94,112213.74,2024-12-16
891,747.84,1864.57,325867.18,2024-12-16
892,7922.41,1102.97,715339.33,2024-12-16
893,3807.9,4010.1,745744.56,2024-12-16
894,5029.73,399.12,416274.77,2024-12-16
895,3422.86,3391.65,385852.86,2024-12-16
896,4080.39,941.69,640019.05,2024-12-16
897,7476.5,4472.19,185142,2024-12-16
898,6684,3972.44,705054.67,2024-12-16
899,2475.57,1388.83,571095.37,2024-12-16
900,2648.94,4150.36,14524.29,2024-12-16
901,7116.74,261.97,575388.81,2024-12-16
902,8859.46,4379.5,981382.75,2024-12-16
903,9617.33,2397.99,504048.68,2024-12-16
904,459.1,3373.24,92166.8,2024-12-16
905,1266.12,4002.41,353572.77,2024-12-16
906,5467.61,2863.96,822976.2,2024-12-16
907,8764.5,2693.9,569358.25,2024-12-16
908,3509.92,4632.49,751540.51,2024-12-16
909,7234.09,3853.25,159376.18,2024-12-16
910,5821.11,65.63,561911.19,2024-12-16
911,2704.03,1516.81,229617.5,2024-12-16
912,2359.9,2839.66,943091.89,2024-12-16
913,9528.04,886.21,673066.24,2024-12-16
914,5487.09,1220.58,68361.77,2024-12-16
915,5412.31,3491.01,551417.7,2024-12-16
916,7672.66,2899.6,219678.81,2024-12-16
917,4016.36,816.55,329815.95,2024-12-16
918,6189.02,2036.73,710837.03,2024-12-16
919,4497.08,1973.26,885485.58,2024-12-16
920,7996.45,4390.05,,2024-12-16
921,2343.98,3106.79,871884.72,2024-12-16
922,227.65,3459.74,297338.6,2024-12-16
923,5946.85,1503.78,730463.67,2024-12-16
924,9095.22,4972.04,,2024-12-16
925,3271.24,1127.16,450452.96,2024-12-16
926,5832.53,2028.32,912740.88,2024-12-16
927,2495.79,3854.91,528160.17,2024-12-16
928,2562.37,2308.93,764742,2024-12-16
929,2998.19,4310.3,569767.82,2024-12-16
930,8658.01,2704.78,383412.67,2024-12-16
931,4585.5,2859.22,161773.43,2024-12-16
932,6526.26,2126.53,942271.68,2024-12-16
933,6293.76,3630.84,926335.52,2024-12-16
934,6221.36,1274.21,405736.96,2024-12-16
935,8665.93,4001.15,629633,2024-12-16
936,9728.08,3297.22,124126.92,2024-12-16
937,3802.88,1326.93,468505.22,2024-12-16
938,5837.91,4997.54,890450.68,2024-12-16
939,7183.12,1391.09,243437.66,2024-12-16
940,2403.6,3496.8,347105.24,2024-12-16
941,348.35,2612.66,906315.06,2024-12-16
942,9311.49,1041.09,773002.91,2024-12-16
943,8941.43,1403.64,335664.16,2024-12-16
944,8807.68,3907.77,,2024-12-16
945,7259.72,1485.91,321526.27,2024-12-16
946,3963.66,4188.92,556829.44,2024-12-16
947,2800.92,420.59,157981.95,2024-12-16
948,386.01,4256.49,29439.73,2024-12-16
949,6873.39,900.86,479981.17,2024-12-16
950,2123.85,431.98,990265.67,2024-12-16
951,4385.6,3958.01,468108.29,2024-12-16
952,6540.92,1858.8,642366.27,2024-12-16
953,442.24,4283.57,,2024-12-16
954,7461.74,51.97,49759.54,2024-12-16
955,5618.57,3235.44,814647.23,2024-12-16
956,324.32,4722.56,156404.34,2024-12-16
957,397.55,1934.12,76107.17,2024-12-16
958,7585.48,4316.5,756898.88,2024-12-16
959,3689.83,23.25,,2024-12-16
960,1547.74,250.31,284095.78,2024-12-16
961,1274.42,4342.56,51455.5,2024-12-16
962,377.88,3068.06,41851.6,2024-12-16
963,7618.16,2853.05,299519.08,2024-12-16
964,6772.92,727.83,344082.88,2024-12-16
965,3970.8,4713.39,443623.96,2024-12-16
966,7499.93,4438.67,928890.72,2024-12-16
967,4687.85,1476.82,741702.91,2024-12-16
968,1135.02,3504.56,785074.14,2024-12-16
969,7706.46,953.59,878500.13,2024-12-16
970,9911.35,4198.89,457747.68,2024-12-16
971,8440.69,3801.91,821538.35,2024-12-16
972,2211.17,4437.77,331278.94,2024-12-16
973,4300.26,1569.8,806253.11,2024-12-16
974,8094.69,2478.07,55782.55,2024-12-16
975,5745.72,2222.41,623380.3,2024-12-16
976,8284.63,4872.34,634059.44,2024-12-16
977,1331.69,4849.5,888789.32,2024-12-16
978,3635.47,3516.58,585955.9,2024-12-16
979,209.09,3897.56,867148.3,2024-12-16
980,3149.4,4730.17,695948.86,2024-12-16
981,3102.22,989.32,535004.43,2024-12-16
982,9011.78,3197.54,381894.77,2024-12-16
983,6288.83,2760.48,127988,2024-12-16
984,9181.13,989.64,841699.64,2024-12-16
985,4690.97,39.81,633692.13,2024-12-16
986,4536.38,4216.17,508610.26,2024-12-16
987,1919.19,78.22,913226.29,2024-12-16
988,9061.48,1946.92,667293.03,2024-12-16
989,7520.71,713.59,505973.72,2024-12-16
990,2090.73,2699.83,173482.33,2024-12-16
991,7635.65,3150.93,245503.72,2024-12-16
992,9555.82,1916.15,322279.23,2024-12-16
993,6359.89,4794.18,653769.92,2024-12-16
994,8501.4,2255.86,730435.8,2024-12-16
995,180.01,1704.93,199707.73,2024-12-16
996,7338.47,227.17,198409.22,2024-12-16
997,1578.88,1132.36,911767.94,2024-12-16
998,1728.65,2815.08,278170.86,2024-12-16
999,6720.73,2694.58,259717.68,2024-12-16
1000,2550.18,2643.1,418418.39,2024-12-16
